url,action,target,gsc_clicks,gsc_impressions,reason
"http://www.jbklutse.com/20842576/TBN.jbklutse",301_to_https,https://www.jbklutse.com/20842576/TBN.jbklutse,0,0,"http variant - canonical to https"
"http://www.jbklutse.com/af-radio-app/",301_to_https,https://www.jbklutse.com/af-radio-app/,0,0,"http variant - canonical to https"
"http://www.jbklutse.com/bishop-david-oyedepo-wci-prophetic-declarations-february-26-2017/",301_to_https,https://www.jbklutse.com/bishop-david-oyedepo-wci-prophetic-declarations-february-26-2017/,0,0,"http variant - canonical to https"
"http://www.jbklutse.com/discover-iphone-7-plus/",301_to_https,https://www.jbklutse.com/discover-iphone-7-plus/,0,0,"http variant - canonical to https"
"http://www.jbklutse.com/dreamoval-slydepay-update",301_to_https,https://www.jbklutse.com/dreamoval-slydepay-update,0,0,"http variant - canonical to https"
"http://www.jbklutse.com/feedback-online-learning-ghana/",301_to_https,https://www.jbklutse.com/feedback-online-learning-ghana/,0,0,"http variant - canonical to https"
"http://www.jbklutse.com/korshi-da-seglah-story/",301_to_https,https://www.jbklutse.com/korshi-da-seglah-story/,0,0,"http variant - canonical to https"
"http://www.jbklutse.com/mtn-ayo-send-with-care/",301_to_https,https://www.jbklutse.com/mtn-ayo-send-with-care/,0,0,"http variant - canonical to https"
"http://www.jbklutse.com/shop-with-us-amazon-ghana/",301_to_https,https://www.jbklutse.com/shop-with-us-amazon-ghana/,0,0,"http variant - canonical to https"
"https://www.jbklutse.com/(?=.*%5B%5Ea-zA-Z0-9%5D)/",410_gone,,0,0,"not in GSC top 1000 - zero/negligible traffic, drop link equity preservation"
"https://www.jbklutse.com/1-11/",410_gone,,0,0,"not in GSC top 1000 - zero/negligible traffic, drop link equity preservation"
"https://www.jbklutse.com/10-best-wireless-headphones-in-2019/",410_gone,,0,0,"not in GSC top 1000 - zero/negligible traffic, drop link equity preservation"
"https://www.jbklutse.com/10bet-launch-in-ghana-what-to-expect/",410_gone,,0,0,"not in GSC top 1000 - zero/negligible traffic, drop link equity preservation"
"https://www.jbklutse.com/11-signs-youre-falling-no-idea/",410_gone,,0,0,"not in GSC top 1000 - zero/negligible traffic, drop link equity preservation"
"https://www.jbklutse.com/20152016-national-service-postings-released/",410_gone,,0,0,"not in GSC top 1000 - zero/negligible traffic, drop link equity preservation"
"https://www.jbklutse.com/2020-global-media-and-information-literacy-week/",410_gone,,0,0,"not in GSC top 1000 - zero/negligible traffic, drop link equity preservation"
"https://www.jbklutse.com/2021-tecno-phones-in-ghana/",410_gone,,0,0,"not in GSC top 1000 - zero/negligible traffic, drop link equity preservation"
"https://www.jbklutse.com/2022-list-of-20-best-travel-blogs-in-singapore/",410_gone,,0,0,"not in GSC top 1000 - zero/negligible traffic, drop link equity preservation"
"https://www.jbklutse.com/20842576/TBN.jbklutse",410_gone,,0,0,"not in GSC top 1000 - zero/negligible traffic, drop link equity preservation"
"https://www.jbklutse.com/2nd-annual-global-health-summit/",410_gone,,0,0,"not in GSC top 1000 - zero/negligible traffic, drop link equity preservation"
"https://www.jbklutse.com/35773069/JBK_PostArea_MiddleContent",410_gone,,0,0,"not in GSC top 1000 - zero/negligible traffic, drop link equity preservation"
"https://www.jbklutse.com/4-features-coming-to-whatsapp-in-2020/",410_gone,,0,0,"not in GSC top 1000 - zero/negligible traffic, drop link equity preservation"
"https://www.jbklutse.com/4-ways-to-simplify-your-life/",410_gone,,0,0,"not in GSC top 1000 - zero/negligible traffic, drop link equity preservation"
"https://www.jbklutse.com/400-cedis-oraimo-free-pods-pro/",410_gone,,0,0,"not in GSC top 1000 - zero/negligible traffic, drop link equity preservation"
"https://www.jbklutse.com/400-cedis-oraimo-freepods-pro/",410_gone,,0,0,"not in GSC top 1000 - zero/negligible traffic, drop link equity preservation"
"https://www.jbklutse.com/45520-2/",410_gone,,0,0,"not in GSC top 1000 - zero/negligible traffic, drop link equity preservation"
"https://www.jbklutse.com/5-essential-components-of-an-ideal-sales-management-software/",410_gone,,0,0,"not in GSC top 1000 - zero/negligible traffic, drop link equity preservation"
"https://www.jbklutse.com/5-moving-packing-hacks/",410_gone,,0,0,"not in GSC top 1000 - zero/negligible traffic, drop link equity preservation"
"https://www.jbklutse.com/5-shows-on-netflix-about-tech-you-cant-miss/",410_gone,,0,0,"not in GSC top 1000 - zero/negligible traffic, drop link equity preservation"
"https://www.jbklutse.com/5-tips-for-having-a-fun-and-productive-weekend-in-college/",410_gone,,0,0,"not in GSC top 1000 - zero/negligible traffic, drop link equity preservation"
"https://www.jbklutse.com/5-ways-to-customise-your-windows-10-lock-screen-and-make-it-productive/",410_gone,,0,0,"not in GSC top 1000 - zero/negligible traffic, drop link equity preservation"
"https://www.jbklutse.com/5-worst-people-to-meet-in-airports/",410_gone,,0,0,"not in GSC top 1000 - zero/negligible traffic, drop link equity preservation"
"https://www.jbklutse.com/7-year-old-swallows-an-airpod/",410_gone,,0,0,"not in GSC top 1000 - zero/negligible traffic, drop link equity preservation"
"https://www.jbklutse.com/8-data-science-books-perfect-for-beginners/",410_gone,,0,0,"not in GSC top 1000 - zero/negligible traffic, drop link equity preservation"
"https://www.jbklutse.com/8-ebooks-for-the-digital-marketing/",410_gone,,0,0,"not in GSC top 1000 - zero/negligible traffic, drop link equity preservation"
"https://www.jbklutse.com/8-tips-to-write-an-effective-classified-ad-for-your-business/",410_gone,,0,0,"not in GSC top 1000 - zero/negligible traffic, drop link equity preservation"
"https://www.jbklutse.com/9-diy-valentine-wreaths-tutorials/",410_gone,,0,0,"not in GSC top 1000 - zero/negligible traffic, drop link equity preservation"
"https://www.jbklutse.com/Fintech-in-ghana/",410_gone,,0,0,"not in GSC top 1000 - zero/negligible traffic, drop link equity preservation"
"https://www.jbklutse.com/a-skeletons-path-to-star-athletic-performance-for-national-football/",410_gone,,0,0,"not in GSC top 1000 - zero/negligible traffic, drop link equity preservation"
"https://www.jbklutse.com/accra-compost-and-recycling-plant-phase-2/",410_gone,,0,0,"not in GSC top 1000 - zero/negligible traffic, drop link equity preservation"
"https://www.jbklutse.com/actis-rack-centre/",410_gone,,0,0,"not in GSC top 1000 - zero/negligible traffic, drop link equity preservation"
"https://www.jbklutse.com/activities-that-make-christmas-a-memorable-experience-in-nigeria/",410_gone,,0,0,"not in GSC top 1000 - zero/negligible traffic, drop link equity preservation"
"https://www.jbklutse.com/ada-health-launches-first-ai-health-guidance-app-in-swahili/",410_gone,,0,0,"not in GSC top 1000 - zero/negligible traffic, drop link equity preservation"
"https://www.jbklutse.com/af-radio-app/",410_gone,,0,0,"not in GSC top 1000 - zero/negligible traffic, drop link equity preservation"
"https://www.jbklutse.com/afdb-boosts-ghanaian-agritech-startup-farmerline/",410_gone,,0,0,"not in GSC top 1000 - zero/negligible traffic, drop link equity preservation"
"https://www.jbklutse.com/africa-magic-viewers-choice-awards/",410_gone,,0,0,"not in GSC top 1000 - zero/negligible traffic, drop link equity preservation"
"https://www.jbklutse.com/african-digital-summit-and-expo-2019-is-set-to-happen-on-august-31/",410_gone,,0,0,"not in GSC top 1000 - zero/negligible traffic, drop link equity preservation"
"https://www.jbklutse.com/african-mobility-startup-treepz-launches-in-ghana/",410_gone,,0,0,"not in GSC top 1000 - zero/negligible traffic, drop link equity preservation"
"https://www.jbklutse.com/african-tech-safe-hands-kenya-alliance/",410_gone,,0,0,"not in GSC top 1000 - zero/negligible traffic, drop link equity preservation"
"https://www.jbklutse.com/agrocenta-to-launch-agropay-which-aims-at-digitizing-rural-financial-inclusion-for-farmers/",410_gone,,0,0,"not in GSC top 1000 - zero/negligible traffic, drop link equity preservation"
"https://www.jbklutse.com/ai-beats-human-breast-cancer-diagnosis/",410_gone,,0,0,"not in GSC top 1000 - zero/negligible traffic, drop link equity preservation"
"https://www.jbklutse.com/ai-research-supercluster/",410_gone,,0,0,"not in GSC top 1000 - zero/negligible traffic, drop link equity preservation"
"https://www.jbklutse.com/airteltigo-ghana-free-calls/",410_gone,,0,0,"not in GSC top 1000 - zero/negligible traffic, drop link equity preservation"
"https://www.jbklutse.com/airteltigo-mentors-40-aspiring-entrepreneurs-on-how-technology-can-boost-their-businesses/",410_gone,,0,0,"not in GSC top 1000 - zero/negligible traffic, drop link equity preservation"
"https://www.jbklutse.com/alarming-signs-that-you-need-to-take-a-break-from-work/",410_gone,,0,0,"not in GSC top 1000 - zero/negligible traffic, drop link equity preservation"
"https://www.jbklutse.com/all-fire-service-stations-and-their-contact-numbers-in-ghana-2022/",410_gone,,0,0,"not in GSC top 1000 - zero/negligible traffic, drop link equity preservation"
"https://www.jbklutse.com/all-you-should-know-about-5g-phones-and-your-health/",410_gone,,0,0,"not in GSC top 1000 - zero/negligible traffic, drop link equity preservation"
"https://www.jbklutse.com/andrew-fassnidge-the-race-to-dethrone-cash-is-on/",410_gone,,0,0,"not in GSC top 1000 - zero/negligible traffic, drop link equity preservation"
"https://www.jbklutse.com/android-app-testing/",410_gone,,0,0,"not in GSC top 1000 - zero/negligible traffic, drop link equity preservation"
"https://www.jbklutse.com/another-huawei-nova-device-is-here-huawei-nova-8i/",410_gone,,0,0,"not in GSC top 1000 - zero/negligible traffic, drop link equity preservation"
"https://www.jbklutse.com/appdate-first-call-gh/",410_gone,,0,0,"not in GSC top 1000 - zero/negligible traffic, drop link equity preservation"
"https://www.jbklutse.com/appdate-sell-use-storefoundry/",410_gone,,0,0,"not in GSC top 1000 - zero/negligible traffic, drop link equity preservation"
"https://www.jbklutse.com/apple-fix-iphone-6-plus-touch-disease-fee/",410_gone,,0,0,"not in GSC top 1000 - zero/negligible traffic, drop link equity preservation"
"https://www.jbklutse.com/apple-launches-apple-tv-remote-app-for-iphone/",410_gone,,0,0,"not in GSC top 1000 - zero/negligible traffic, drop link equity preservation"
"https://www.jbklutse.com/apple-october-2021-event/",410_gone,,0,0,"not in GSC top 1000 - zero/negligible traffic, drop link equity preservation"
"https://www.jbklutse.com/apple-watch-se/",410_gone,,0,0,"not in GSC top 1000 - zero/negligible traffic, drop link equity preservation"
"https://www.jbklutse.com/apps-goals/",410_gone,,0,0,"not in GSC top 1000 - zero/negligible traffic, drop link equity preservation"
"https://www.jbklutse.com/arewa24-all-hausa-language-streaming-service/",410_gone,,0,0,"not in GSC top 1000 - zero/negligible traffic, drop link equity preservation"
"https://www.jbklutse.com/asian-dating-louisville-ky/",410_gone,,0,0,"not in GSC top 1000 - zero/negligible traffic, drop link equity preservation"
"https://www.jbklutse.com/attributes-successful-seo-agency/",410_gone,,0,0,"not in GSC top 1000 - zero/negligible traffic, drop link equity preservation"
"https://www.jbklutse.com/autochek-online-truck-loans-marketplace/",410_gone,,0,0,"not in GSC top 1000 - zero/negligible traffic, drop link equity preservation"
"https://www.jbklutse.com/aza-finances-african-women-leadership-programme-kick-starts-this-month/",410_gone,,0,0,"not in GSC top 1000 - zero/negligible traffic, drop link equity preservation"
"https://www.jbklutse.com/b2b-demand-generation-strategies/",410_gone,,0,0,"not in GSC top 1000 - zero/negligible traffic, drop link equity preservation"
"https://www.jbklutse.com/bad-breath-free-forever-review/",410_gone,,0,0,"not in GSC top 1000 - zero/negligible traffic, drop link equity preservation"
"https://www.jbklutse.com/banks-in-ghana-embrace-contactless-payment-cards/",410_gone,,0,0,"not in GSC top 1000 - zero/negligible traffic, drop link equity preservation"
"https://www.jbklutse.com/basic-things-you-should-know-how-to-do-on-jumia/",410_gone,,0,0,"not in GSC top 1000 - zero/negligible traffic, drop link equity preservation"
"https://www.jbklutse.com/bbnaija-2020-grand-prize-for-season-5-winner/",410_gone,,0,0,"not in GSC top 1000 - zero/negligible traffic, drop link equity preservation"
"https://www.jbklutse.com/beast-funnels-review/",410_gone,,0,0,"not in GSC top 1000 - zero/negligible traffic, drop link equity preservation"
"https://www.jbklutse.com/becoming-a-pro-in-bitcoin-dice-games/",410_gone,,0,0,"not in GSC top 1000 - zero/negligible traffic, drop link equity preservation"
"https://www.jbklutse.com/ben-stuart-dating/",410_gone,,0,0,"not in GSC top 1000 - zero/negligible traffic, drop link equity preservation"
"https://www.jbklutse.com/benefits-of-learning-modern-greek/",410_gone,,0,0,"not in GSC top 1000 - zero/negligible traffic, drop link equity preservation"
"https://www.jbklutse.com/benefits-of-living-in-a-smart-world/",410_gone,,0,0,"not in GSC top 1000 - zero/negligible traffic, drop link equity preservation"
"https://www.jbklutse.com/benefits-of-real-device-testings/",410_gone,,0,0,"not in GSC top 1000 - zero/negligible traffic, drop link equity preservation"
"https://www.jbklutse.com/benewah-diaries-needs-swear-words/",410_gone,,0,0,"not in GSC top 1000 - zero/negligible traffic, drop link equity preservation"
"https://www.jbklutse.com/best-apps-for-learning-french/",410_gone,,0,0,"not in GSC top 1000 - zero/negligible traffic, drop link equity preservation"
"https://www.jbklutse.com/best-apps-to-mirror-android-to-pc-without-rooting/",410_gone,,0,0,"not in GSC top 1000 - zero/negligible traffic, drop link equity preservation"
"https://www.jbklutse.com/best-dating-apps-vegas/",410_gone,,0,0,"not in GSC top 1000 - zero/negligible traffic, drop link equity preservation"
"https://www.jbklutse.com/best-dating-sites-for-older-gay-men/",410_gone,,0,0,"not in GSC top 1000 - zero/negligible traffic, drop link equity preservation"
"https://www.jbklutse.com/best-delta-8-concentrate-for-sale-top-vendors-for-2021/",410_gone,,0,0,"not in GSC top 1000 - zero/negligible traffic, drop link equity preservation"
"https://www.jbklutse.com/best-free-firewall-software-for-windows-10/",410_gone,,0,0,"not in GSC top 1000 - zero/negligible traffic, drop link equity preservation"
"https://www.jbklutse.com/best-message-to-send-a-girl-on-a-dating-site/",410_gone,,0,0,"not in GSC top 1000 - zero/negligible traffic, drop link equity preservation"
"https://www.jbklutse.com/best-party-outfit-ideas/",410_gone,,0,0,"not in GSC top 1000 - zero/negligible traffic, drop link equity preservation"
"https://www.jbklutse.com/best-time-to-introduce-him-or-her-to-your-parents/",410_gone,,0,0,"not in GSC top 1000 - zero/negligible traffic, drop link equity preservation"
"https://www.jbklutse.com/best-working-tips-for-improving-sites-alexa-rank-and-blog-traffic/",410_gone,,0,0,"not in GSC top 1000 - zero/negligible traffic, drop link equity preservation"
"https://www.jbklutse.com/bing-introduces-amp-viewer-mobile-search/",410_gone,,0,0,"not in GSC top 1000 - zero/negligible traffic, drop link equity preservation"
"https://www.jbklutse.com/bishop-david-oyedepo-wci-prophetic-declarations-april-24-2017/",410_gone,,0,0,"not in GSC top 1000 - zero/negligible traffic, drop link equity preservation"
"https://www.jbklutse.com/bishop-david-oyedepo-wci-prophetic-declarations-february-26-2017/",410_gone,,0,0,"not in GSC top 1000 - zero/negligible traffic, drop link equity preservation"
"https://www.jbklutse.com/boomplay-and-sony-music-entertainment-join-forces-to-expand-african-footprint/",410_gone,,0,0,"not in GSC top 1000 - zero/negligible traffic, drop link equity preservation"
"https://www.jbklutse.com/boost-your-bust-reviews/",410_gone,,0,0,"not in GSC top 1000 - zero/negligible traffic, drop link equity preservation"
"https://www.jbklutse.com/bright-hodzor/",410_gone,,0,0,"not in GSC top 1000 - zero/negligible traffic, drop link equity preservation"
"https://www.jbklutse.com/bringing-bitcoin-trading-to-you/",410_gone,,0,0,"not in GSC top 1000 - zero/negligible traffic, drop link equity preservation"
"https://www.jbklutse.com/businesses-in-ghana-to-obtain-data-protection-certificate-before-they-can-operate/",410_gone,,0,0,"not in GSC top 1000 - zero/negligible traffic, drop link equity preservation"
"https://www.jbklutse.com/busy-great-things-happen/",410_gone,,0,0,"not in GSC top 1000 - zero/negligible traffic, drop link equity preservation"
"https://www.jbklutse.com/carbofix-review/",410_gone,,0,0,"not in GSC top 1000 - zero/negligible traffic, drop link equity preservation"
"https://www.jbklutse.com/casual-dating-spain/",410_gone,,0,0,"not in GSC top 1000 - zero/negligible traffic, drop link equity preservation"
"https://www.jbklutse.com/cat-spraying-no-more-review/",410_gone,,0,0,"not in GSC top 1000 - zero/negligible traffic, drop link equity preservation"
"https://www.jbklutse.com/cchub-syndicate/",410_gone,,0,0,"not in GSC top 1000 - zero/negligible traffic, drop link equity preservation"
"https://www.jbklutse.com/ceo-of-54gene-endeavor-entrepreneur/",410_gone,,0,0,"not in GSC top 1000 - zero/negligible traffic, drop link equity preservation"
"https://www.jbklutse.com/champions-of-the-league-of-legends/",410_gone,,0,0,"not in GSC top 1000 - zero/negligible traffic, drop link equity preservation"
"https://www.jbklutse.com/chargeable-wifi-zones-seen-in-nairobi/",410_gone,,0,0,"not in GSC top 1000 - zero/negligible traffic, drop link equity preservation"
"https://www.jbklutse.com/check-bvn-number-online/",410_gone,,0,0,"not in GSC top 1000 - zero/negligible traffic, drop link equity preservation"
"https://www.jbklutse.com/choosing-couple-therapist/",410_gone,,0,0,"not in GSC top 1000 - zero/negligible traffic, drop link equity preservation"
"https://www.jbklutse.com/cires-summer-internship-in-colorado-usa/",410_gone,,0,0,"not in GSC top 1000 - zero/negligible traffic, drop link equity preservation"
"https://www.jbklutse.com/click2go-send-money-buy-airtime-with-a-single-tap/",410_gone,,0,0,"not in GSC top 1000 - zero/negligible traffic, drop link equity preservation"
"https://www.jbklutse.com/cliqrun-the-new-delivery-app-making-delivery-of-goods-easier/",410_gone,,0,0,"not in GSC top 1000 - zero/negligible traffic, drop link equity preservation"
"https://www.jbklutse.com/cloud-storage-photographers/",410_gone,,0,0,"not in GSC top 1000 - zero/negligible traffic, drop link equity preservation"
"https://www.jbklutse.com/companies/franko-trading-enterprise/",410_gone,,0,0,"not in GSC top 1000 - zero/negligible traffic, drop link equity preservation"
"https://www.jbklutse.com/complete-farmer-opens-up-for-global-expansion/",410_gone,,0,0,"not in GSC top 1000 - zero/negligible traffic, drop link equity preservation"
"https://www.jbklutse.com/computing/technologys-influence-on-healthcare-a-2024-perspective/",410_gone,,0,0,"not in GSC top 1000 - zero/negligible traffic, drop link equity preservation"
"https://www.jbklutse.com/connectivity/how-to-transfer-data-on-mtn-vodafone-airteltigo/",410_gone,,0,0,"not in GSC top 1000 - zero/negligible traffic, drop link equity preservation"
"https://www.jbklutse.com/connectivity/huawei-launches-four-intelligent-optix-innovative-practices-of-f5-5g/",410_gone,,0,0,"not in GSC top 1000 - zero/negligible traffic, drop link equity preservation"
"https://www.jbklutse.com/connectivity/unregistered-sim-cards/",410_gone,,0,0,"not in GSC top 1000 - zero/negligible traffic, drop link equity preservation"
"https://www.jbklutse.com/considerations-in-the-selection-of-a-garage-door/",410_gone,,0,0,"not in GSC top 1000 - zero/negligible traffic, drop link equity preservation"
"https://www.jbklutse.com/contact-me/",410_gone,,0,0,"not in GSC top 1000 - zero/negligible traffic, drop link equity preservation"
"https://www.jbklutse.com/convert-commander-review/",410_gone,,0,0,"not in GSC top 1000 - zero/negligible traffic, drop link equity preservation"
"https://www.jbklutse.com/coronavirus-terms-phrases/",410_gone,,0,0,"not in GSC top 1000 - zero/negligible traffic, drop link equity preservation"
"https://www.jbklutse.com/covid-19-deaths-in-africa/",410_gone,,0,0,"not in GSC top 1000 - zero/negligible traffic, drop link equity preservation"
"https://www.jbklutse.com/covid-19-lockdowns-and-price-hikes/",410_gone,,0,0,"not in GSC top 1000 - zero/negligible traffic, drop link equity preservation"
"https://www.jbklutse.com/covid-19-requires-behaviour-change/",410_gone,,0,0,"not in GSC top 1000 - zero/negligible traffic, drop link equity preservation"
"https://www.jbklutse.com/create-whatsapp-stickers/",410_gone,,0,0,"not in GSC top 1000 - zero/negligible traffic, drop link equity preservation"
"https://www.jbklutse.com/customers-iphone-apple-store-coronavirus/",410_gone,,0,0,"not in GSC top 1000 - zero/negligible traffic, drop link equity preservation"
"https://www.jbklutse.com/cwg-ghana-partners-centelon/",410_gone,,0,0,"not in GSC top 1000 - zero/negligible traffic, drop link equity preservation"
"https://www.jbklutse.com/cwg-ghana-partners-with-tocode-technologies-to-introduce-digid-in-ghana/",410_gone,,0,0,"not in GSC top 1000 - zero/negligible traffic, drop link equity preservation"
"https://www.jbklutse.com/cybersecurity-experts-voice-out-against-weak-endpoint-security/",410_gone,,0,0,"not in GSC top 1000 - zero/negligible traffic, drop link equity preservation"
"https://www.jbklutse.com/cybersecurity/explained-cybersecurity/combating-mobile-money-fraud-collaboration/",410_gone,,0,0,"not in GSC top 1000 - zero/negligible traffic, drop link equity preservation"
"https://www.jbklutse.com/cyclebeads-app-gives-accurate-menstrual-cycle-calculations/",410_gone,,0,0,"not in GSC top 1000 - zero/negligible traffic, drop link equity preservation"
"https://www.jbklutse.com/data-options-vodafone/",410_gone,,0,0,"not in GSC top 1000 - zero/negligible traffic, drop link equity preservation"
"https://www.jbklutse.com/date-my-family-ghana-starts-on-akwaaba-magic/",410_gone,,0,0,"not in GSC top 1000 - zero/negligible traffic, drop link equity preservation"
"https://www.jbklutse.com/dating-apps-for-gay-guys/",410_gone,,0,0,"not in GSC top 1000 - zero/negligible traffic, drop link equity preservation"
"https://www.jbklutse.com/dating-sites-in-nigeria-for-single-guys-and-girls/",410_gone,,0,0,"not in GSC top 1000 - zero/negligible traffic, drop link equity preservation"
"https://www.jbklutse.com/dating-strategies-that-work/",410_gone,,0,0,"not in GSC top 1000 - zero/negligible traffic, drop link equity preservation"
"https://www.jbklutse.com/dating-texas/",410_gone,,0,0,"not in GSC top 1000 - zero/negligible traffic, drop link equity preservation"
"https://www.jbklutse.com/deal-with-bullies/",410_gone,,0,0,"not in GSC top 1000 - zero/negligible traffic, drop link equity preservation"
"https://www.jbklutse.com/december-discount-sales/",410_gone,,0,0,"not in GSC top 1000 - zero/negligible traffic, drop link equity preservation"
"https://www.jbklutse.com/demo-africa-2018-morocco/",410_gone,,0,0,"not in GSC top 1000 - zero/negligible traffic, drop link equity preservation"
"https://www.jbklutse.com/dentsu-aegis-network-data-labs/",410_gone,,0,0,"not in GSC top 1000 - zero/negligible traffic, drop link equity preservation"
"https://www.jbklutse.com/detoxil-reviewdetoxil-review/",410_gone,,0,0,"not in GSC top 1000 - zero/negligible traffic, drop link equity preservation"
"https://www.jbklutse.com/dfy-profit-funnels-review/",410_gone,,0,0,"not in GSC top 1000 - zero/negligible traffic, drop link equity preservation"
"https://www.jbklutse.com/digitalpayments-in-ghana/",410_gone,,0,0,"not in GSC top 1000 - zero/negligible traffic, drop link equity preservation"
"https://www.jbklutse.com/discover-dzigbordi-k-dosoo-founder-ceo-allure-africa-group/",410_gone,,0,0,"not in GSC top 1000 - zero/negligible traffic, drop link equity preservation"
"https://www.jbklutse.com/discover-huawei-p20/",410_gone,,0,0,"not in GSC top 1000 - zero/negligible traffic, drop link equity preservation"
"https://www.jbklutse.com/discover-iphone-7-plus/",410_gone,,0,0,"not in GSC top 1000 - zero/negligible traffic, drop link equity preservation"
"https://www.jbklutse.com/dont-live-by-feeling-live-by-faith-walking-under-the-sense-of-his-grace/",410_gone,,0,0,"not in GSC top 1000 - zero/negligible traffic, drop link equity preservation"
"https://www.jbklutse.com/dos-donts-writing-resume/",410_gone,,0,0,"not in GSC top 1000 - zero/negligible traffic, drop link equity preservation"
"https://www.jbklutse.com/driving-a-lemon-car-things-you-should-know/",410_gone,,0,0,"not in GSC top 1000 - zero/negligible traffic, drop link equity preservation"
"https://www.jbklutse.com/ecampus-version-3-0-released/",410_gone,,0,0,"not in GSC top 1000 - zero/negligible traffic, drop link equity preservation"
"https://www.jbklutse.com/efficient-printer-usage/",410_gone,,0,0,"not in GSC top 1000 - zero/negligible traffic, drop link equity preservation"
"https://www.jbklutse.com/elik-etzion-enterprise-software-and-cybersecurity-investments/",410_gone,,0,0,"not in GSC top 1000 - zero/negligible traffic, drop link equity preservation"
"https://www.jbklutse.com/emergent-technology-acquires-ghana-based-interpay-africa/",410_gone,,0,0,"not in GSC top 1000 - zero/negligible traffic, drop link equity preservation"
"https://www.jbklutse.com/emirates-2020-tripadvisor-awards/",410_gone,,0,0,"not in GSC top 1000 - zero/negligible traffic, drop link equity preservation"
"https://www.jbklutse.com/emirates-skywards-offers-members-more-flexibility/",410_gone,,0,0,"not in GSC top 1000 - zero/negligible traffic, drop link equity preservation"
"https://www.jbklutse.com/emirates-ties-up-with-cemair/",410_gone,,0,0,"not in GSC top 1000 - zero/negligible traffic, drop link equity preservation"
"https://www.jbklutse.com/employee-engagement-business-success/",410_gone,,0,0,"not in GSC top 1000 - zero/negligible traffic, drop link equity preservation"
"https://www.jbklutse.com/esports-friendly-match-ghana-to-play-jamaica/",410_gone,,0,0,"not in GSC top 1000 - zero/negligible traffic, drop link equity preservation"
"https://www.jbklutse.com/esports-fun-facts-will-that-amaze-you/",410_gone,,0,0,"not in GSC top 1000 - zero/negligible traffic, drop link equity preservation"
"https://www.jbklutse.com/esports-ghana-makes-huge-statement-with-impressive-win-over-jamaica/",410_gone,,0,0,"not in GSC top 1000 - zero/negligible traffic, drop link equity preservation"
"https://www.jbklutse.com/essential-programming-languages-an-aspiring-web-developer-needs/",410_gone,,0,0,"not in GSC top 1000 - zero/negligible traffic, drop link equity preservation"
"https://www.jbklutse.com/evergreen-love-quotes/",410_gone,,0,0,"not in GSC top 1000 - zero/negligible traffic, drop link equity preservation"
"https://www.jbklutse.com/experience-the-new-oraimo-freepods-3/",410_gone,,0,0,"not in GSC top 1000 - zero/negligible traffic, drop link equity preservation"
"https://www.jbklutse.com/fa-community-shield-liverpool-and-arsenal/",410_gone,,0,0,"not in GSC top 1000 - zero/negligible traffic, drop link equity preservation"
"https://www.jbklutse.com/facebook-acquires-cloud-gaming-startup-playgiga/",410_gone,,0,0,"not in GSC top 1000 - zero/negligible traffic, drop link equity preservation"
"https://www.jbklutse.com/facebook-ads-hand-sanitizers/",410_gone,,0,0,"not in GSC top 1000 - zero/negligible traffic, drop link equity preservation"
"https://www.jbklutse.com/facebook-artists-fans-live-streams/",410_gone,,0,0,"not in GSC top 1000 - zero/negligible traffic, drop link equity preservation"
"https://www.jbklutse.com/facebook-saps-amber-alerts/",410_gone,,0,0,"not in GSC top 1000 - zero/negligible traffic, drop link equity preservation"
"https://www.jbklutse.com/facts-you-should-know-about-the-new-faantaxi-app/",410_gone,,0,0,"not in GSC top 1000 - zero/negligible traffic, drop link equity preservation"
"https://www.jbklutse.com/family-friends-social-distancing/",410_gone,,0,0,"not in GSC top 1000 - zero/negligible traffic, drop link equity preservation"
"https://www.jbklutse.com/farmart-abraham-quaye-agric-technology/",410_gone,,0,0,"not in GSC top 1000 - zero/negligible traffic, drop link equity preservation"
"https://www.jbklutse.com/farmart-to-launch-farmers-festival/",410_gone,,0,0,"not in GSC top 1000 - zero/negligible traffic, drop link equity preservation"
"https://www.jbklutse.com/faud-alert-mtn-32-free-unlimited-call-promo/",410_gone,,0,0,"not in GSC top 1000 - zero/negligible traffic, drop link equity preservation"
"https://www.jbklutse.com/feature/agile-working-in-ghana-hype-or-game-changer/",410_gone,,0,0,"not in GSC top 1000 - zero/negligible traffic, drop link equity preservation"
"https://www.jbklutse.com/features-enterprise-pdf-drm-software/",410_gone,,0,0,"not in GSC top 1000 - zero/negligible traffic, drop link equity preservation"
"https://www.jbklutse.com/feedback-online-learning-ghana/",410_gone,,0,0,"not in GSC top 1000 - zero/negligible traffic, drop link equity preservation"
"https://www.jbklutse.com/fibre-cuts-remain-a-major-cause-of-poor-telecom-services-in-ghana/",410_gone,,0,0,"not in GSC top 1000 - zero/negligible traffic, drop link equity preservation"
"https://www.jbklutse.com/finra-8210-letter/",410_gone,,0,0,"not in GSC top 1000 - zero/negligible traffic, drop link equity preservation"
"https://www.jbklutse.com/fintech/digmo-launches-in-zambia/",410_gone,,0,0,"not in GSC top 1000 - zero/negligible traffic, drop link equity preservation"
"https://www.jbklutse.com/first-online-marketplace-for-cars-launch-in-ghana/",410_gone,,0,0,"not in GSC top 1000 - zero/negligible traffic, drop link equity preservation"
"https://www.jbklutse.com/fix-iphone-screen-rotation-issue/",410_gone,,0,0,"not in GSC top 1000 - zero/negligible traffic, drop link equity preservation"
"https://www.jbklutse.com/flexobliss-review/",410_gone,,0,0,"not in GSC top 1000 - zero/negligible traffic, drop link equity preservation"
"https://www.jbklutse.com/flow-expands-reach-into-australia/",410_gone,,0,0,"not in GSC top 1000 - zero/negligible traffic, drop link equity preservation"
"https://www.jbklutse.com/food-app-homechow-is-expanding-to-kumasi/",410_gone,,0,0,"not in GSC top 1000 - zero/negligible traffic, drop link equity preservation"
"https://www.jbklutse.com/foods-avoid-lent/",410_gone,,0,0,"not in GSC top 1000 - zero/negligible traffic, drop link equity preservation"
"https://www.jbklutse.com/foods-eye-color/",410_gone,,0,0,"not in GSC top 1000 - zero/negligible traffic, drop link equity preservation"
"https://www.jbklutse.com/foods-stomach-ulcer/",410_gone,,0,0,"not in GSC top 1000 - zero/negligible traffic, drop link equity preservation"
"https://www.jbklutse.com/fools-gold-inside-ghanas-million-dollar-scamming-syndicates/",410_gone,,0,0,"not in GSC top 1000 - zero/negligible traffic, drop link equity preservation"
"https://www.jbklutse.com/fortune-reading-review/",410_gone,,0,0,"not in GSC top 1000 - zero/negligible traffic, drop link equity preservation"
"https://www.jbklutse.com/friday-as-public-holiday/",410_gone,,0,0,"not in GSC top 1000 - zero/negligible traffic, drop link equity preservation"
"https://www.jbklutse.com/funny-google-tricks-you-didnt-know/",410_gone,,0,0,"not in GSC top 1000 - zero/negligible traffic, drop link equity preservation"
"https://www.jbklutse.com/future-africa-fund-launched/",410_gone,,0,0,"not in GSC top 1000 - zero/negligible traffic, drop link equity preservation"
"https://www.jbklutse.com/futuristic-learning-5-ways-technology-transformed-education-system/",410_gone,,0,0,"not in GSC top 1000 - zero/negligible traffic, drop link equity preservation"
"https://www.jbklutse.com/g-money-mobile-money-wallet-manager/",410_gone,,0,0,"not in GSC top 1000 - zero/negligible traffic, drop link equity preservation"
"https://www.jbklutse.com/galaxy-s20-prices-confirmed/",410_gone,,0,0,"not in GSC top 1000 - zero/negligible traffic, drop link equity preservation"
"https://www.jbklutse.com/galaxy-s20-ultra-camera-setup/",410_gone,,0,0,"not in GSC top 1000 - zero/negligible traffic, drop link equity preservation"
"https://www.jbklutse.com/gambling/poisson-distribution-soccer-betting-score-prediction/",410_gone,,0,0,"not in GSC top 1000 - zero/negligible traffic, drop link equity preservation"
"https://www.jbklutse.com/gaming-chair/",410_gone,,0,0,"not in GSC top 1000 - zero/negligible traffic, drop link equity preservation"
"https://www.jbklutse.com/gaming-chairs-vs-regular-chairs-the-pros-and-cons/",410_gone,,0,0,"not in GSC top 1000 - zero/negligible traffic, drop link equity preservation"
"https://www.jbklutse.com/gaming-monitors-announced-by-acer-at-ces-2020/",410_gone,,0,0,"not in GSC top 1000 - zero/negligible traffic, drop link equity preservation"
"https://www.jbklutse.com/gaming/quordle-today-532-answers-hints-july-10-2023/",410_gone,,0,0,"not in GSC top 1000 - zero/negligible traffic, drop link equity preservation"
"https://www.jbklutse.com/gaming/quordle-today-534-answers-hints-july-12-2023/",410_gone,,0,0,"not in GSC top 1000 - zero/negligible traffic, drop link equity preservation"
"https://www.jbklutse.com/gaming/wordle-today-692-wordle-answer-and-hints-for-may-12/",410_gone,,0,0,"not in GSC top 1000 - zero/negligible traffic, drop link equity preservation"
"https://www.jbklutse.com/george-andah-constituents-facebook-live/",410_gone,,0,0,"not in GSC top 1000 - zero/negligible traffic, drop link equity preservation"
"https://www.jbklutse.com/get-30-bonus-anytime-when-you-topup-with-mtn-mobile-money/",410_gone,,0,0,"not in GSC top 1000 - zero/negligible traffic, drop link equity preservation"
"https://www.jbklutse.com/getting-home-loan-sydney/",410_gone,,0,0,"not in GSC top 1000 - zero/negligible traffic, drop link equity preservation"
"https://www.jbklutse.com/ghana-cyber-security-centre-to-be-built-by-two-cyber-security-firms/",410_gone,,0,0,"not in GSC top 1000 - zero/negligible traffic, drop link equity preservation"
"https://www.jbklutse.com/ghana-esports-association-the-group-championing-esports-in-ghana/",410_gone,,0,0,"not in GSC top 1000 - zero/negligible traffic, drop link equity preservation"
"https://www.jbklutse.com/ghana-fintech-outlook-conference-and-awards/",410_gone,,0,0,"not in GSC top 1000 - zero/negligible traffic, drop link equity preservation"
"https://www.jbklutse.com/ghana-national-id-card/",410_gone,,0,0,"not in GSC top 1000 - zero/negligible traffic, drop link equity preservation"
"https://www.jbklutse.com/ghana-websites-hacked/",410_gone,,0,0,"not in GSC top 1000 - zero/negligible traffic, drop link equity preservation"
"https://www.jbklutse.com/ghanaian-owned-banks/",410_gone,,0,0,"not in GSC top 1000 - zero/negligible traffic, drop link equity preservation"
"https://www.jbklutse.com/ghanaian-ride-sharing-app-fameko-taxi-launches-special-offers-in-accra/",410_gone,,0,0,"not in GSC top 1000 - zero/negligible traffic, drop link equity preservation"
"https://www.jbklutse.com/ghanaian-tv-shows-on-showmax-october-2021/",410_gone,,0,0,"not in GSC top 1000 - zero/negligible traffic, drop link equity preservation"
"https://www.jbklutse.com/ghanaian-university-student-invent-an-ultra-modern-marriage-carriage-with-wi-fi/",410_gone,,0,0,"not in GSC top 1000 - zero/negligible traffic, drop link equity preservation"
"https://www.jbklutse.com/ghanas-energy-minister-to-present-at-african-energy-week-2022/",410_gone,,0,0,"not in GSC top 1000 - zero/negligible traffic, drop link equity preservation"
"https://www.jbklutse.com/ghanaweb-homepage/",410_gone,,0,0,"not in GSC top 1000 - zero/negligible traffic, drop link equity preservation"
"https://www.jbklutse.com/ghla-absa-readytowork-e-learning-project/",410_gone,,0,0,"not in GSC top 1000 - zero/negligible traffic, drop link equity preservation"
"https://www.jbklutse.com/global-giants-eye-africa-for-data-center-expansion/",410_gone,,0,0,"not in GSC top 1000 - zero/negligible traffic, drop link equity preservation"
"https://www.jbklutse.com/global-mssps-enable-ot-cybersecurity-firm-radiflow-to-double-year-over-year-revenue/",410_gone,,0,0,"not in GSC top 1000 - zero/negligible traffic, drop link equity preservation"
"https://www.jbklutse.com/global-startup-ecosystem-gse-returns-with-100k-price/",410_gone,,0,0,"not in GSC top 1000 - zero/negligible traffic, drop link equity preservation"
"https://www.jbklutse.com/global-startup-ecosystem-partners-with-linkedin/",410_gone,,0,0,"not in GSC top 1000 - zero/negligible traffic, drop link equity preservation"
"https://www.jbklutse.com/google-cardboard-virtual-reality-expo/",410_gone,,0,0,"not in GSC top 1000 - zero/negligible traffic, drop link equity preservation"
"https://www.jbklutse.com/google-chat-now-allows-sending-multiple-media-files-on-mobile/",410_gone,,0,0,"not in GSC top 1000 - zero/negligible traffic, drop link equity preservation"
"https://www.jbklutse.com/google-cut-ties-with-huawei-phones/",410_gone,,0,0,"not in GSC top 1000 - zero/negligible traffic, drop link equity preservation"
"https://www.jbklutse.com/google-employee-sony/",410_gone,,0,0,"not in GSC top 1000 - zero/negligible traffic, drop link equity preservation"
"https://www.jbklutse.com/google-nigerian-start-ups/",410_gone,,0,0,"not in GSC top 1000 - zero/negligible traffic, drop link equity preservation"
"https://www.jbklutse.com/google-one-tap-android-users/",410_gone,,0,0,"not in GSC top 1000 - zero/negligible traffic, drop link equity preservation"
"https://www.jbklutse.com/google-set-to-unveil-its-free-google-play-reward-programs-in-the-us/",410_gone,,0,0,"not in GSC top 1000 - zero/negligible traffic, drop link equity preservation"
"https://www.jbklutse.com/google-to-drop-android-apps-that-read-sms-and-call-logs-without-reason/",410_gone,,0,0,"not in GSC top 1000 - zero/negligible traffic, drop link equity preservation"
"https://www.jbklutse.com/great-reasons-to-use-a-guitar-compressor-pedal/",410_gone,,0,0,"not in GSC top 1000 - zero/negligible traffic, drop link equity preservation"
"https://www.jbklutse.com/grooming-tips-for-busy-professionals/",410_gone,,0,0,"not in GSC top 1000 - zero/negligible traffic, drop link equity preservation"
"https://www.jbklutse.com/gruntify-video/",410_gone,,0,0,"not in GSC top 1000 - zero/negligible traffic, drop link equity preservation"
"https://www.jbklutse.com/gsma-mobile-money-iso-certification-mtn/",410_gone,,0,0,"not in GSC top 1000 - zero/negligible traffic, drop link equity preservation"
"https://www.jbklutse.com/guides/page/58/",410_gone,,0,0,"not in GSC top 1000 - zero/negligible traffic, drop link equity preservation"
"https://www.jbklutse.com/health-benefits-of-coffee-you-dont-know-about/",410_gone,,0,0,"not in GSC top 1000 - zero/negligible traffic, drop link equity preservation"
"https://www.jbklutse.com/health-benefits-walking-barefoot/",410_gone,,0,0,"not in GSC top 1000 - zero/negligible traffic, drop link equity preservation"
"https://www.jbklutse.com/heirs-holdings-appoints-dan-okeke/",410_gone,,0,0,"not in GSC top 1000 - zero/negligible traffic, drop link equity preservation"
"https://www.jbklutse.com/here-are-5-best-playstation-4-games-for-your-new-console/",410_gone,,0,0,"not in GSC top 1000 - zero/negligible traffic, drop link equity preservation"
"https://www.jbklutse.com/hippie-dating-site/",410_gone,,0,0,"not in GSC top 1000 - zero/negligible traffic, drop link equity preservation"
"https://www.jbklutse.com/hiv-symptoms-men/",410_gone,,0,0,"not in GSC top 1000 - zero/negligible traffic, drop link equity preservation"
"https://www.jbklutse.com/home-entertainment-huawei-nova-5t/",410_gone,,0,0,"not in GSC top 1000 - zero/negligible traffic, drop link equity preservation"
"https://www.jbklutse.com/how-can-you-enhance-your-business-by-cnumber/",410_gone,,0,0,"not in GSC top 1000 - zero/negligible traffic, drop link equity preservation"
"https://www.jbklutse.com/how-creative-writing-helps-mental-health/",410_gone,,0,0,"not in GSC top 1000 - zero/negligible traffic, drop link equity preservation"
"https://www.jbklutse.com/how-do-night-vision-goggles-work/",410_gone,,0,0,"not in GSC top 1000 - zero/negligible traffic, drop link equity preservation"
"https://www.jbklutse.com/how-do-you-remove-dust-mites/",410_gone,,0,0,"not in GSC top 1000 - zero/negligible traffic, drop link equity preservation"
"https://www.jbklutse.com/how-smartphone-cameras-will-improve-in-2022/",410_gone,,0,0,"not in GSC top 1000 - zero/negligible traffic, drop link equity preservation"
"https://www.jbklutse.com/how-to-activate-dark-mode-in-google-chrome/",410_gone,,0,0,"not in GSC top 1000 - zero/negligible traffic, drop link equity preservation"
"https://www.jbklutse.com/how-to-activate-your-iphones-auto-brightness/",410_gone,,0,0,"not in GSC top 1000 - zero/negligible traffic, drop link equity preservation"
"https://www.jbklutse.com/how-to-be-an-amazing-boyfriend-when-your-woman-is-on-her-period/",410_gone,,0,0,"not in GSC top 1000 - zero/negligible traffic, drop link equity preservation"
"https://www.jbklutse.com/how-to-break-your-phone-addiction/",410_gone,,0,0,"not in GSC top 1000 - zero/negligible traffic, drop link equity preservation"
"https://www.jbklutse.com/how-to-check-my-current-tarriff-plan-on-your-airtel-line-in-nigeria/",410_gone,,0,0,"not in GSC top 1000 - zero/negligible traffic, drop link equity preservation"
"https://www.jbklutse.com/how-to-compress-files-on-mac-computers/",410_gone,,0,0,"not in GSC top 1000 - zero/negligible traffic, drop link equity preservation"
"https://www.jbklutse.com/how-to-cut-through-the-bs-of-online-dating/",410_gone,,0,0,"not in GSC top 1000 - zero/negligible traffic, drop link equity preservation"
"https://www.jbklutse.com/how-to-enable-the-new-incognito-mode-on-android/",410_gone,,0,0,"not in GSC top 1000 - zero/negligible traffic, drop link equity preservation"
"https://www.jbklutse.com/how-to-erase-your-iphone-7-plus-with-icloud/",410_gone,,0,0,"not in GSC top 1000 - zero/negligible traffic, drop link equity preservation"
"https://www.jbklutse.com/how-to-fix-dstv-remote-not-working/",410_gone,,0,0,"not in GSC top 1000 - zero/negligible traffic, drop link equity preservation"
"https://www.jbklutse.com/how-to-get-fuller-and-longer-eyelashes-with-these-homemade-items/",410_gone,,0,0,"not in GSC top 1000 - zero/negligible traffic, drop link equity preservation"
"https://www.jbklutse.com/how-to-get-the-most-out-of-your-spotify-experience/",410_gone,,0,0,"not in GSC top 1000 - zero/negligible traffic, drop link equity preservation"
"https://www.jbklutse.com/how-to-know-if-someone-blocked-you-on-instagram/",410_gone,,0,0,"not in GSC top 1000 - zero/negligible traffic, drop link equity preservation"
"https://www.jbklutse.com/how-to-leverage-promo-product-trends-to-boost-your-marketing-results/",410_gone,,0,0,"not in GSC top 1000 - zero/negligible traffic, drop link equity preservation"
"https://www.jbklutse.com/how-to-migrate-to-the-airtel-smartconnect-tariff-plan-in-nigeria/",410_gone,,0,0,"not in GSC top 1000 - zero/negligible traffic, drop link equity preservation"
"https://www.jbklutse.com/how-to-play-lords-mobile-on-pc-without-an-emulator",410_gone,,0,0,"not in GSC top 1000 - zero/negligible traffic, drop link equity preservation"
"https://www.jbklutse.com/how-to-subscribe-for-glo-3-day-plan/",410_gone,,0,0,"not in GSC top 1000 - zero/negligible traffic, drop link equity preservation"
"https://www.jbklutse.com/how-to-use-twitter-videos-to-boost-your-brand-awareness/",410_gone,,0,0,"not in GSC top 1000 - zero/negligible traffic, drop link equity preservation"
"https://www.jbklutse.com/how-to-watch-the-made-by-google-pixel-3-event-today/",410_gone,,0,0,"not in GSC top 1000 - zero/negligible traffic, drop link equity preservation"
"https://www.jbklutse.com/how-tomato-helps-your-skin/",410_gone,,0,0,"not in GSC top 1000 - zero/negligible traffic, drop link equity preservation"
"https://www.jbklutse.com/huawei-and-telkom-partner-for-a-5g-livestream-of-african-penguins/",410_gone,,0,0,"not in GSC top 1000 - zero/negligible traffic, drop link equity preservation"
"https://www.jbklutse.com/huawei-announces-2020-h1-business-results/",410_gone,,0,0,"not in GSC top 1000 - zero/negligible traffic, drop link equity preservation"
"https://www.jbklutse.com/huawei-back-to-school-promo/",410_gone,,0,0,"not in GSC top 1000 - zero/negligible traffic, drop link equity preservation"
"https://www.jbklutse.com/huawei-cloud-ranked-worlds-5th-largest-iaas-provider/",410_gone,,0,0,"not in GSC top 1000 - zero/negligible traffic, drop link equity preservation"
"https://www.jbklutse.com/huawei-devices-gadget-guide/",410_gone,,0,0,"not in GSC top 1000 - zero/negligible traffic, drop link equity preservation"
"https://www.jbklutse.com/huawei-matepad-t10s/",410_gone,,0,0,"not in GSC top 1000 - zero/negligible traffic, drop link equity preservation"
"https://www.jbklutse.com/huawei-matepad-with-multi-layered-eye-protection-technology/",410_gone,,0,0,"not in GSC top 1000 - zero/negligible traffic, drop link equity preservation"
"https://www.jbklutse.com/huawei-p10-review/",410_gone,,0,0,"not in GSC top 1000 - zero/negligible traffic, drop link equity preservation"
"https://www.jbklutse.com/huawei-supports-ghanas-fight-against-covid-19/",410_gone,,0,0,"not in GSC top 1000 - zero/negligible traffic, drop link equity preservation"
"https://www.jbklutse.com/huaweis-women-in-tech-program/",410_gone,,0,0,"not in GSC top 1000 - zero/negligible traffic, drop link equity preservation"
"https://www.jbklutse.com/ibm-ghana-names-new-country-general-manager/",410_gone,,0,0,"not in GSC top 1000 - zero/negligible traffic, drop link equity preservation"
"https://www.jbklutse.com/iflix-secures-additional-133-million-funding-led-hearst/",410_gone,,0,0,"not in GSC top 1000 - zero/negligible traffic, drop link equity preservation"
"https://www.jbklutse.com/illumina-collaborates-with-54gene/",410_gone,,0,0,"not in GSC top 1000 - zero/negligible traffic, drop link equity preservation"
"https://www.jbklutse.com/important-of-preventive-maintenance/",410_gone,,0,0,"not in GSC top 1000 - zero/negligible traffic, drop link equity preservation"
"https://www.jbklutse.com/increased-use-of-ai-as-a-result-of-the-covid-19-pandemic/",410_gone,,0,0,"not in GSC top 1000 - zero/negligible traffic, drop link equity preservation"
"https://www.jbklutse.com/infinix-hot-10-play/",410_gone,,0,0,"not in GSC top 1000 - zero/negligible traffic, drop link equity preservation"
"https://www.jbklutse.com/infinix-hot-11s-is-the-phone-for-you/",410_gone,,0,0,"not in GSC top 1000 - zero/negligible traffic, drop link equity preservation"
"https://www.jbklutse.com/infinix-note-8-full-phone-spec-price-in-ghana/",410_gone,,0,0,"not in GSC top 1000 - zero/negligible traffic, drop link equity preservation"
"https://www.jbklutse.com/infinix-note-8-specs-price-ghana/",410_gone,,0,0,"not in GSC top 1000 - zero/negligible traffic, drop link equity preservation"
"https://www.jbklutse.com/infinix-s3-unveiling-first-exclusive-shop/",410_gone,,0,0,"not in GSC top 1000 - zero/negligible traffic, drop link equity preservation"
"https://www.jbklutse.com/infinix-s5-quick-review-impressions/",410_gone,,0,0,"not in GSC top 1000 - zero/negligible traffic, drop link equity preservation"
"https://www.jbklutse.com/infinix-zero-8-full-phone-spec-price-in-ghana/",410_gone,,0,0,"not in GSC top 1000 - zero/negligible traffic, drop link equity preservation"
"https://www.jbklutse.com/infobip-makes-south-african-vehicle-license-renewals-possible-over-whatsapp/",410_gone,,0,0,"not in GSC top 1000 - zero/negligible traffic, drop link equity preservation"
"https://www.jbklutse.com/innovations-being-made-in-the-tech-industry/",410_gone,,0,0,"not in GSC top 1000 - zero/negligible traffic, drop link equity preservation"
"https://www.jbklutse.com/instagram-notifies-friends-screenshot-dms/",410_gone,,0,0,"not in GSC top 1000 - zero/negligible traffic, drop link equity preservation"
"https://www.jbklutse.com/iphone-12-redesign-leak/",410_gone,,0,0,"not in GSC top 1000 - zero/negligible traffic, drop link equity preservation"
"https://www.jbklutse.com/is-it-safe-to-buy-antivirus-software-online/",410_gone,,0,0,"not in GSC top 1000 - zero/negligible traffic, drop link equity preservation"
"https://www.jbklutse.com/itel-s16-pro-specs-ghana-nigeria/",410_gone,,0,0,"not in GSC top 1000 - zero/negligible traffic, drop link equity preservation"
"https://www.jbklutse.com/itel-s16-selfie-star-challenge-winners/",410_gone,,0,0,"not in GSC top 1000 - zero/negligible traffic, drop link equity preservation"
"https://www.jbklutse.com/itel-unveils-s17-smartphone-2021/",410_gone,,0,0,"not in GSC top 1000 - zero/negligible traffic, drop link equity preservation"
"https://www.jbklutse.com/itelwandering-library-project-donation/",410_gone,,0,0,"not in GSC top 1000 - zero/negligible traffic, drop link equity preservation"
"https://www.jbklutse.com/itu-and-norway-launch-partnership-to-support-digital-transformation-centres-initiative/",410_gone,,0,0,"not in GSC top 1000 - zero/negligible traffic, drop link equity preservation"
"https://www.jbklutse.com/jbklutse-weekly-episode-41/",410_gone,,0,0,"not in GSC top 1000 - zero/negligible traffic, drop link equity preservation"
"https://www.jbklutse.com/jelly-shoe-two-piece-prom-dresses/",410_gone,,0,0,"not in GSC top 1000 - zero/negligible traffic, drop link equity preservation"
"https://www.jbklutse.com/jonah-engler-family-philanthropy/",410_gone,,0,0,"not in GSC top 1000 - zero/negligible traffic, drop link equity preservation"
"https://www.jbklutse.com/joshua-otoos-smart-home-system-controls-your-home-gadgets-remotely/",410_gone,,0,0,"not in GSC top 1000 - zero/negligible traffic, drop link equity preservation"
"https://www.jbklutse.com/jumia-one-axa-mansard-money-market/",410_gone,,0,0,"not in GSC top 1000 - zero/negligible traffic, drop link equity preservation"
"https://www.jbklutse.com/keeping-your-momo-pin-protected/",410_gone,,0,0,"not in GSC top 1000 - zero/negligible traffic, drop link equity preservation"
"https://www.jbklutse.com/kenya-digital-lenders/",410_gone,,0,0,"not in GSC top 1000 - zero/negligible traffic, drop link equity preservation"
"https://www.jbklutse.com/kenyan-manufacturers-online-shopping-coronavirus/",410_gone,,0,0,"not in GSC top 1000 - zero/negligible traffic, drop link equity preservation"
"https://www.jbklutse.com/key-role-for-natural-gas/",410_gone,,0,0,"not in GSC top 1000 - zero/negligible traffic, drop link equity preservation"
"https://www.jbklutse.com/knust-students-builds-solar-powered-4x4-vehicle/",410_gone,,0,0,"not in GSC top 1000 - zero/negligible traffic, drop link equity preservation"
"https://www.jbklutse.com/korshi-da-seglah-story/",410_gone,,0,0,"not in GSC top 1000 - zero/negligible traffic, drop link equity preservation"
"https://www.jbklutse.com/kosmos-innovation-centre-entrepreneurs/",410_gone,,0,0,"not in GSC top 1000 - zero/negligible traffic, drop link equity preservation"
"https://www.jbklutse.com/kurdish-man-creates-invisible-screen/",410_gone,,0,0,"not in GSC top 1000 - zero/negligible traffic, drop link equity preservation"
"https://www.jbklutse.com/latest-iphones-and-prices-in-ghana-2022/",410_gone,,0,0,"not in GSC top 1000 - zero/negligible traffic, drop link equity preservation"
"https://www.jbklutse.com/latest-itel-phones-prices-ghana-2022-guide/",410_gone,,0,0,"not in GSC top 1000 - zero/negligible traffic, drop link equity preservation"
"https://www.jbklutse.com/launch-with-zaxaa-review/",410_gone,,0,0,"not in GSC top 1000 - zero/negligible traffic, drop link equity preservation"
"https://www.jbklutse.com/lean-body-burn-review/",410_gone,,0,0,"not in GSC top 1000 - zero/negligible traffic, drop link equity preservation"
"https://www.jbklutse.com/lg-v40-thinq-with-5-cameras-february-in-south-africa/",410_gone,,0,0,"not in GSC top 1000 - zero/negligible traffic, drop link equity preservation"
"https://www.jbklutse.com/life-inside-ayoba-campaign/",410_gone,,0,0,"not in GSC top 1000 - zero/negligible traffic, drop link equity preservation"
"https://www.jbklutse.com/lifestyle-ghanaians-can-explore-to-prevent-or-reduce-risk-of-getting-stroke/",410_gone,,0,0,"not in GSC top 1000 - zero/negligible traffic, drop link equity preservation"
"https://www.jbklutse.com/lifestyle/how-to-take-a-canadian-passport-photo-at-london-drugs/",410_gone,,0,0,"not in GSC top 1000 - zero/negligible traffic, drop link equity preservation"
"https://www.jbklutse.com/lifestyle/tips-to-keep-your-home-clean/",410_gone,,0,0,"not in GSC top 1000 - zero/negligible traffic, drop link equity preservation"
"https://www.jbklutse.com/linda-ikejis-blog/",410_gone,,0,0,"not in GSC top 1000 - zero/negligible traffic, drop link equity preservation"
"https://www.jbklutse.com/list-of-top-ten-tech-blogs-in-australia-jbklutses-2017-guide/",410_gone,,0,0,"not in GSC top 1000 - zero/negligible traffic, drop link equity preservation"
"https://www.jbklutse.com/living-with-hiv-aids/",410_gone,,0,0,"not in GSC top 1000 - zero/negligible traffic, drop link equity preservation"
"https://www.jbklutse.com/load-mtn-credit/",410_gone,,0,0,"not in GSC top 1000 - zero/negligible traffic, drop link equity preservation"
"https://www.jbklutse.com/lotfyincs-usaid-supported-project-kicks-off/",410_gone,,0,0,"not in GSC top 1000 - zero/negligible traffic, drop link equity preservation"
"https://www.jbklutse.com/luiss-university-scholarships-program-italy-2022/",410_gone,,0,0,"not in GSC top 1000 - zero/negligible traffic, drop link equity preservation"
"https://www.jbklutse.com/lung-health-tips-coronavirus/",410_gone,,0,0,"not in GSC top 1000 - zero/negligible traffic, drop link equity preservation"
"https://www.jbklutse.com/luno-continues-rapid-growth/",410_gone,,0,0,"not in GSC top 1000 - zero/negligible traffic, drop link equity preservation"
"https://www.jbklutse.com/luno-increase-in-transactions-covid-19/",410_gone,,0,0,"not in GSC top 1000 - zero/negligible traffic, drop link equity preservation"
"https://www.jbklutse.com/man-ex-girlfriend/",410_gone,,0,0,"not in GSC top 1000 - zero/negligible traffic, drop link equity preservation"
"https://www.jbklutse.com/massive-growth-in-transactions-recorded-by-gip-over-6-month-period/",410_gone,,0,0,"not in GSC top 1000 - zero/negligible traffic, drop link equity preservation"
"https://www.jbklutse.com/mastercard-facebook-libra-project/",410_gone,,0,0,"not in GSC top 1000 - zero/negligible traffic, drop link equity preservation"
"https://www.jbklutse.com/matchmaking-by-date-of-birth-and-name/",410_gone,,0,0,"not in GSC top 1000 - zero/negligible traffic, drop link equity preservation"
"https://www.jbklutse.com/media-production-companies-in-dubai/",410_gone,,0,0,"not in GSC top 1000 - zero/negligible traffic, drop link equity preservation"
"https://www.jbklutse.com/mediacloudpro-2-0-review/",410_gone,,0,0,"not in GSC top 1000 - zero/negligible traffic, drop link equity preservation"
"https://www.jbklutse.com/microsoft-antivirus-ios-android/",410_gone,,0,0,"not in GSC top 1000 - zero/negligible traffic, drop link equity preservation"
"https://www.jbklutse.com/microsoft-next-lock-screen-gets-improved-security-better-resource-management/",410_gone,,0,0,"not in GSC top 1000 - zero/negligible traffic, drop link equity preservation"
"https://www.jbklutse.com/microsoft-starts-blocking-updates-windows-7-8-1-new-cpus/",410_gone,,0,0,"not in GSC top 1000 - zero/negligible traffic, drop link equity preservation"
"https://www.jbklutse.com/mnotify-launches-theo-the-bot/",410_gone,,0,0,"not in GSC top 1000 - zero/negligible traffic, drop link equity preservation"
"https://www.jbklutse.com/mo-ibrahim-foundation-phd-scholarships/",410_gone,,0,0,"not in GSC top 1000 - zero/negligible traffic, drop link equity preservation"
"https://www.jbklutse.com/mobibasket-launched/",410_gone,,0,0,"not in GSC top 1000 - zero/negligible traffic, drop link equity preservation"
"https://www.jbklutse.com/mobile-apps-in-ghana-android-ios-windows/",410_gone,,0,0,"not in GSC top 1000 - zero/negligible traffic, drop link equity preservation"
"https://www.jbklutse.com/mobile-camera-trends-2022/",410_gone,,0,0,"not in GSC top 1000 - zero/negligible traffic, drop link equity preservation"
"https://www.jbklutse.com/mobile-phones/phone-reviews/",410_gone,,0,0,"not in GSC top 1000 - zero/negligible traffic, drop link equity preservation"
"https://www.jbklutse.com/mobile/explained-mobile/does-franko-trading-do-swapping-of-phones/",410_gone,,0,0,"not in GSC top 1000 - zero/negligible traffic, drop link equity preservation"
"https://www.jbklutse.com/mobile/franko-trading-enterprise-branches-ghana-shop-location-guide/",410_gone,,0,0,"not in GSC top 1000 - zero/negligible traffic, drop link equity preservation"
"https://www.jbklutse.com/mobile/tecno-launches-camon-20-series-ghana/",410_gone,,0,0,"not in GSC top 1000 - zero/negligible traffic, drop link equity preservation"
"https://www.jbklutse.com/mobile/tecnos-new-ultra-thin-phantom-ultimate-2-tri-fold-concept/",410_gone,,0,0,"not in GSC top 1000 - zero/negligible traffic, drop link equity preservation"
"https://www.jbklutse.com/mobile/vivo-v30-portrait-photography/",410_gone,,0,0,"not in GSC top 1000 - zero/negligible traffic, drop link equity preservation"
"https://www.jbklutse.com/moja-ride-partners-with-o-city-by-bpc/",410_gone,,0,0,"not in GSC top 1000 - zero/negligible traffic, drop link equity preservation"
"https://www.jbklutse.com/money-heist/",410_gone,,0,0,"not in GSC top 1000 - zero/negligible traffic, drop link equity preservation"
"https://www.jbklutse.com/most-anticipated-movies-for-december-release/",410_gone,,0,0,"not in GSC top 1000 - zero/negligible traffic, drop link equity preservation"
"https://www.jbklutse.com/movies/best-movies-to-stream-on-showmax/",410_gone,,0,5,"GSC: 0 clicks 5 imps - negligible value"
"https://www.jbklutse.com/mtn-annual-general-meeting-2022/",410_gone,,0,0,"not in GSC top 1000 - zero/negligible traffic, drop link equity preservation"
"https://www.jbklutse.com/mtn-appoints-first-ghanaian-ceo/",410_gone,,0,0,"not in GSC top 1000 - zero/negligible traffic, drop link equity preservation"
"https://www.jbklutse.com/mtn-ayo-send-with-care/",410_gone,,0,0,"not in GSC top 1000 - zero/negligible traffic, drop link equity preservation"
"https://www.jbklutse.com/mtn-flags-off-turn-it-up-for-maximum-opportunities-in-nigeria/",410_gone,,0,0,"not in GSC top 1000 - zero/negligible traffic, drop link equity preservation"
"https://www.jbklutse.com/mtn-ghana-excels-at-the-2020-project-management-awards/",410_gone,,0,0,"not in GSC top 1000 - zero/negligible traffic, drop link equity preservation"
"https://www.jbklutse.com/mtn-ghana-foundation-wear-it-for-me-campaign/",410_gone,,0,0,"not in GSC top 1000 - zero/negligible traffic, drop link equity preservation"
"https://www.jbklutse.com/mtn-ghana-inducted-into-ahria-hall-of-fame/",410_gone,,0,0,"not in GSC top 1000 - zero/negligible traffic, drop link equity preservation"
"https://www.jbklutse.com/mtn-ghana-is-giving-free-2gb-data-today/",410_gone,,0,0,"not in GSC top 1000 - zero/negligible traffic, drop link equity preservation"
"https://www.jbklutse.com/mtn-launches-home-internet-service/",410_gone,,0,0,"not in GSC top 1000 - zero/negligible traffic, drop link equity preservation"
"https://www.jbklutse.com/mtn-momo-api-and-the-future-of-ghanas-fintech/",410_gone,,0,0,"not in GSC top 1000 - zero/negligible traffic, drop link equity preservation"
"https://www.jbklutse.com/mtn-offers-fast-wi-fi-service-at-50-discount-to-users-in-accras-tip-toe-lane/",410_gone,,0,0,"not in GSC top 1000 - zero/negligible traffic, drop link equity preservation"
"https://www.jbklutse.com/mtn-partners-dext-technology-to-support-public-schools-with-science-sets/",410_gone,,0,0,"not in GSC top 1000 - zero/negligible traffic, drop link equity preservation"
"https://www.jbklutse.com/mtn-project-management-excellence-awards-2021/",410_gone,,0,0,"not in GSC top 1000 - zero/negligible traffic, drop link equity preservation"
"https://www.jbklutse.com/mtn-promotes-nigerian-culture-with-theatre-productions/",410_gone,,0,0,"not in GSC top 1000 - zero/negligible traffic, drop link equity preservation"
"https://www.jbklutse.com/mtn-turbonet-router-review/",410_gone,,0,0,"not in GSC top 1000 - zero/negligible traffic, drop link equity preservation"
"https://www.jbklutse.com/multichoice-introduces-xtraview/",410_gone,,0,0,"not in GSC top 1000 - zero/negligible traffic, drop link equity preservation"
"https://www.jbklutse.com/multichoice-talent-factory-online-masterclasses/",410_gone,,0,0,"not in GSC top 1000 - zero/negligible traffic, drop link equity preservation"
"https://www.jbklutse.com/multichoice-talent-factory-unlocking-the-potential-of-africas-film-industry/",410_gone,,0,0,"not in GSC top 1000 - zero/negligible traffic, drop link equity preservation"
"https://www.jbklutse.com/music-mayorkun-ft-m-i-abaga-x-vector-x-sinzu-x-ycee-geng-naija-remix-mp3/",410_gone,,0,0,"not in GSC top 1000 - zero/negligible traffic, drop link equity preservation"
"https://www.jbklutse.com/must-watch-on-netflix-2020/",410_gone,,0,0,"not in GSC top 1000 - zero/negligible traffic, drop link equity preservation"
"https://www.jbklutse.com/mwc-teaser-confirms-nokia-9-would-have-the-penta-lens-punch-hole-selfie-camera/",410_gone,,0,0,"not in GSC top 1000 - zero/negligible traffic, drop link equity preservation"
"https://www.jbklutse.com/my-best-friend-and-my-sister-are-dating/",410_gone,,0,0,"not in GSC top 1000 - zero/negligible traffic, drop link equity preservation"
"https://www.jbklutse.com/nancy-pelosi-slams-facebook/",410_gone,,0,0,"not in GSC top 1000 - zero/negligible traffic, drop link equity preservation"
"https://www.jbklutse.com/naturally-treat-brittle-nails/",410_gone,,0,0,"not in GSC top 1000 - zero/negligible traffic, drop link equity preservation"
"https://www.jbklutse.com/nca-attorney-general-sued-over-conditional-access/",410_gone,,0,0,"not in GSC top 1000 - zero/negligible traffic, drop link equity preservation"
"https://www.jbklutse.com/new-fifa-mobile-finally-hits-playstore/",410_gone,,0,0,"not in GSC top 1000 - zero/negligible traffic, drop link equity preservation"
"https://www.jbklutse.com/newbee-signs-two-new-major-partnership-deal/",410_gone,,0,0,"not in GSC top 1000 - zero/negligible traffic, drop link equity preservation"
"https://www.jbklutse.com/news-apo-group/",410_gone,,0,0,"not in GSC top 1000 - zero/negligible traffic, drop link equity preservation"
"https://www.jbklutse.com/nhis-levy-increase-proposal-genuine-concern-or-a-lack-of-prudent-management/",410_gone,,0,0,"not in GSC top 1000 - zero/negligible traffic, drop link equity preservation"
"https://www.jbklutse.com/nigeria-hp-counterfeit-printer/",410_gone,,0,0,"not in GSC top 1000 - zero/negligible traffic, drop link equity preservation"
"https://www.jbklutse.com/nigeria-startup-bill/",410_gone,,0,0,"not in GSC top 1000 - zero/negligible traffic, drop link equity preservation"
"https://www.jbklutse.com/nigeria-to-overtake-south-africa-in-pay-tv-subscription/",410_gone,,0,0,"not in GSC top 1000 - zero/negligible traffic, drop link equity preservation"
"https://www.jbklutse.com/nigerian-tribal-marks-and-what-they-stand-for/",410_gone,,0,0,"not in GSC top 1000 - zero/negligible traffic, drop link equity preservation"
"https://www.jbklutse.com/nogofallmaga-free-ebook-2020-safer-internet-day/",410_gone,,0,0,"not in GSC top 1000 - zero/negligible traffic, drop link equity preservation"
"https://www.jbklutse.com/old-mutual-introduces-free-trotro-rides-free-wifi/",410_gone,,0,0,"not in GSC top 1000 - zero/negligible traffic, drop link equity preservation"
"https://www.jbklutse.com/older-christian-dating-sites/",410_gone,,0,0,"not in GSC top 1000 - zero/negligible traffic, drop link equity preservation"
"https://www.jbklutse.com/olutosin-araromi-makes-nigeria-proud-at-miss-universe/",410_gone,,0,0,"not in GSC top 1000 - zero/negligible traffic, drop link equity preservation"
"https://www.jbklutse.com/one-million-huawei-watch-gt-sold/",410_gone,,0,0,"not in GSC top 1000 - zero/negligible traffic, drop link equity preservation"
"https://www.jbklutse.com/oneplus-10-pro-china-ghana-usa/",410_gone,,0,0,"not in GSC top 1000 - zero/negligible traffic, drop link equity preservation"
"https://www.jbklutse.com/online-business-you-can-start-as-newbie-ghana/",410_gone,,0,0,"not in GSC top 1000 - zero/negligible traffic, drop link equity preservation"
"https://www.jbklutse.com/online-ghana-passport-",410_gone,,0,0,"not in GSC top 1000 - zero/negligible traffic, drop link equity preservation"
"https://www.jbklutse.com/online-poker-in-ghana/",410_gone,,0,0,"not in GSC top 1000 - zero/negligible traffic, drop link equity preservation"
"https://www.jbklutse.com/online-travel-bookings-wakanow/",410_gone,,0,0,"not in GSC top 1000 - zero/negligible traffic, drop link equity preservation"
"https://www.jbklutse.com/oppo-to-invest-in-rd-for-smart-technologies/",410_gone,,0,0,"not in GSC top 1000 - zero/negligible traffic, drop link equity preservation"
"https://www.jbklutse.com/organisations-need-to-support-the-byod-trend/",410_gone,,0,0,"not in GSC top 1000 - zero/negligible traffic, drop link equity preservation"
"https://www.jbklutse.com/osemo-borealis-promotes-financial-inclusion-for-unbanked-businesses/",410_gone,,0,0,"not in GSC top 1000 - zero/negligible traffic, drop link equity preservation"
"https://www.jbklutse.com/oxford-business-group-covid-19-ceo-survey/",410_gone,,0,0,"not in GSC top 1000 - zero/negligible traffic, drop link equity preservation"
"https://www.jbklutse.com/payfort-and-dhl-express-collaborate-to-expand-payment-solutions-in-africa/",410_gone,,0,0,"not in GSC top 1000 - zero/negligible traffic, drop link equity preservation"
"https://www.jbklutse.com/photos-inside-googles-ai-research-laboratory-in-ghana/",410_gone,,0,0,"not in GSC top 1000 - zero/negligible traffic, drop link equity preservation"
"https://www.jbklutse.com/play-and-win-on-the-international-betting-site-in-nigeria-1xbet/",410_gone,,0,0,"not in GSC top 1000 - zero/negligible traffic, drop link equity preservation"
"https://www.jbklutse.com/play-therapy-child-mental-health/",410_gone,,0,0,"not in GSC top 1000 - zero/negligible traffic, drop link equity preservation"
"https://www.jbklutse.com/podcasting-boom-in-india/",410_gone,,0,0,"not in GSC top 1000 - zero/negligible traffic, drop link equity preservation"
"https://www.jbklutse.com/postponing-wedding-covid-19/",410_gone,,0,0,"not in GSC top 1000 - zero/negligible traffic, drop link equity preservation"
"https://www.jbklutse.com/potential-causes-eye-colour/",410_gone,,0,0,"not in GSC top 1000 - zero/negligible traffic, drop link equity preservation"
"https://www.jbklutse.com/pregnancy-miracle-review/",410_gone,,0,0,"not in GSC top 1000 - zero/negligible traffic, drop link equity preservation"
"https://www.jbklutse.com/professional-dating-sites-south-africa/",410_gone,,0,0,"not in GSC top 1000 - zero/negligible traffic, drop link equity preservation"
"https://www.jbklutse.com/qualitrace-to-set-up-drone-assembling-plant-in-ghana/",410_gone,,0,0,"not in GSC top 1000 - zero/negligible traffic, drop link equity preservation"
"https://www.jbklutse.com/questions-to-ask-hiring-ppc-management-agency/",410_gone,,0,0,"not in GSC top 1000 - zero/negligible traffic, drop link equity preservation"
"https://www.jbklutse.com/quick-ways-to-connect-airpods-to-windows-computer/",410_gone,,0,0,"not in GSC top 1000 - zero/negligible traffic, drop link equity preservation"
"https://www.jbklutse.com/quickest-way-to-connect-a-ps4-or-xbox-controller-to-your-mac/",410_gone,,0,0,"not in GSC top 1000 - zero/negligible traffic, drop link equity preservation"
"https://www.jbklutse.com/quietum-plus-review/",410_gone,,0,0,"not in GSC top 1000 - zero/negligible traffic, drop link equity preservation"
"https://www.jbklutse.com/r-programmer-salary-by-country/",410_gone,,0,0,"not in GSC top 1000 - zero/negligible traffic, drop link equity preservation"
"https://www.jbklutse.com/red-wine-and-hair-growth-how-are-they-related/",410_gone,,0,0,"not in GSC top 1000 - zero/negligible traffic, drop link equity preservation"
"https://www.jbklutse.com/redmi-note-10-note-10-pro-chipsets/",410_gone,,0,0,"not in GSC top 1000 - zero/negligible traffic, drop link equity preservation"
"https://www.jbklutse.com/redmi-note-11-series-to-be-released-on-october-28/",410_gone,,0,0,"not in GSC top 1000 - zero/negligible traffic, drop link equity preservation"
"https://www.jbklutse.com/reformed-singles-dating-site/",410_gone,,0,0,"not in GSC top 1000 - zero/negligible traffic, drop link equity preservation"
"https://www.jbklutse.com/register-new-sim-card-ghana/",410_gone,,0,0,"not in GSC top 1000 - zero/negligible traffic, drop link equity preservation"
"https://www.jbklutse.com/remita-cellulant-payment-services/",410_gone,,0,0,"not in GSC top 1000 - zero/negligible traffic, drop link equity preservation"
"https://www.jbklutse.com/removable-batteries-for-smartphones/",410_gone,,0,0,"not in GSC top 1000 - zero/negligible traffic, drop link equity preservation"
"https://www.jbklutse.com/rent-a-surfline-4g-mifi/",410_gone,,0,0,"not in GSC top 1000 - zero/negligible traffic, drop link equity preservation"
"https://www.jbklutse.com/restolin-review/",410_gone,,0,0,"not in GSC top 1000 - zero/negligible traffic, drop link equity preservation"
"https://www.jbklutse.com/reviews/ada-comply-2-0-review-bonus/?utm_source=rss&utm_medium=rss&utm_campaign=ada-comply-2-0-review-bonus",410_gone,,0,0,"not in GSC top 1000 - zero/negligible traffic, drop link equity preservation"
"https://www.jbklutse.com/reviews/agencybud-review/?utm_source=rss&utm_medium=rss&utm_campaign=agencybud-review",410_gone,,0,0,"not in GSC top 1000 - zero/negligible traffic, drop link equity preservation"
"https://www.jbklutse.com/reviews/autocontent-pro-review-bonus/?utm_source=rss&utm_medium=rss&utm_campaign=autocontent-pro-review-bonus",410_gone,,0,0,"not in GSC top 1000 - zero/negligible traffic, drop link equity preservation"
"https://www.jbklutse.com/reviews/commission-blueprint-2-review-bonus/?utm_source=rss&utm_medium=rss&utm_campaign=commission-blueprint-2-review-bonus",410_gone,,0,0,"not in GSC top 1000 - zero/negligible traffic, drop link equity preservation"
"https://www.jbklutse.com/risks-web-conferences-coronavirus/",410_gone,,0,0,"not in GSC top 1000 - zero/negligible traffic, drop link equity preservation"
"https://www.jbklutse.com/russia-is-making-a-new-linux-based-mobile-operating-system/",410_gone,,0,0,"not in GSC top 1000 - zero/negligible traffic, drop link equity preservation"
"https://www.jbklutse.com/ryans-world-tops-highest-youtube-earners-list/",410_gone,,0,0,"not in GSC top 1000 - zero/negligible traffic, drop link equity preservation"
"https://www.jbklutse.com/safe-payment-gateways-online-casinos/",410_gone,,0,0,"not in GSC top 1000 - zero/negligible traffic, drop link equity preservation"
"https://www.jbklutse.com/safety-apps/",410_gone,,0,0,"not in GSC top 1000 - zero/negligible traffic, drop link equity preservation"
"https://www.jbklutse.com/salesforce-appexchange/",410_gone,,0,0,"not in GSC top 1000 - zero/negligible traffic, drop link equity preservation"
"https://www.jbklutse.com/samsung-a10-full-phone-specifications-price-and-more/",410_gone,,0,0,"not in GSC top 1000 - zero/negligible traffic, drop link equity preservation"
"https://www.jbklutse.com/samsung-claims-flexible-phones-are-right-around-the-corner/",410_gone,,0,0,"not in GSC top 1000 - zero/negligible traffic, drop link equity preservation"
"https://www.jbklutse.com/samsung-galaxy-a23-specs/",410_gone,,0,0,"not in GSC top 1000 - zero/negligible traffic, drop link equity preservation"
"https://www.jbklutse.com/samsung-galaxy-note-10-lite-full-specs-price-more/",410_gone,,0,0,"not in GSC top 1000 - zero/negligible traffic, drop link equity preservation"
"https://www.jbklutse.com/samsung-galaxy-s10-lite-full-specs-price-more/",410_gone,,0,0,"not in GSC top 1000 - zero/negligible traffic, drop link equity preservation"
"https://www.jbklutse.com/samsung-galaxy-s20-series-smart-unlock-issues/",410_gone,,0,0,"not in GSC top 1000 - zero/negligible traffic, drop link equity preservation"
"https://www.jbklutse.com/samsung-galaxy-unpacked-event/",410_gone,,0,0,"not in GSC top 1000 - zero/negligible traffic, drop link equity preservation"
"https://www.jbklutse.com/samsung-galaxy-z-flip/",410_gone,,0,0,"not in GSC top 1000 - zero/negligible traffic, drop link equity preservation"
"https://www.jbklutse.com/samsung-has-sold-1-million-galaxy-fold-smartphones/",410_gone,,0,0,"not in GSC top 1000 - zero/negligible traffic, drop link equity preservation"
"https://www.jbklutse.com/samsung-patents-to-put-camera-in-stylus-pen/",410_gone,,0,0,"not in GSC top 1000 - zero/negligible traffic, drop link equity preservation"
"https://www.jbklutse.com/samsung-set-to-invest-an-extra-8-billion-in-china-chip-plant/",410_gone,,0,0,"not in GSC top 1000 - zero/negligible traffic, drop link equity preservation"
"https://www.jbklutse.com/say-hello-to-the-huawei-nova-y60/",410_gone,,0,0,"not in GSC top 1000 - zero/negligible traffic, drop link equity preservation"
"https://www.jbklutse.com/sciatica-sos-review/",410_gone,,0,0,"not in GSC top 1000 - zero/negligible traffic, drop link equity preservation"
"https://www.jbklutse.com/science-and-technology-in-ghana/",410_gone,,0,0,"not in GSC top 1000 - zero/negligible traffic, drop link equity preservation"
"https://www.jbklutse.com/separate-phone-number-for-your-small-business/",410_gone,,0,0,"not in GSC top 1000 - zero/negligible traffic, drop link equity preservation"
"https://www.jbklutse.com/seventh-day-adventist-single-dating-site/",410_gone,,0,0,"not in GSC top 1000 - zero/negligible traffic, drop link equity preservation"
"https://www.jbklutse.com/shocking-occurrences-childbirth/",410_gone,,0,0,"not in GSC top 1000 - zero/negligible traffic, drop link equity preservation"
"https://www.jbklutse.com/shop-with-us-amazon-ghana/",410_gone,,0,0,"not in GSC top 1000 - zero/negligible traffic, drop link equity preservation"
"https://www.jbklutse.com/shoprite-group-social-distancing-hygiene/",410_gone,,0,0,"not in GSC top 1000 - zero/negligible traffic, drop link equity preservation"
"https://www.jbklutse.com/showmax-users-coronavirus/",410_gone,,0,0,"not in GSC top 1000 - zero/negligible traffic, drop link equity preservation"
"https://www.jbklutse.com/side-effects-green-tea/",410_gone,,0,0,"not in GSC top 1000 - zero/negligible traffic, drop link equity preservation"
"https://www.jbklutse.com/sign-up-for-a-g-money-account-ghana/",410_gone,,0,0,"not in GSC top 1000 - zero/negligible traffic, drop link equity preservation"
"https://www.jbklutse.com/signs-that-prove-that-your-skincare-routines-are-not-working/",410_gone,,0,0,"not in GSC top 1000 - zero/negligible traffic, drop link equity preservation"
"https://www.jbklutse.com/signs-that-you-are-definitely-not-ready-for-a-new-relationship/",410_gone,,0,0,"not in GSC top 1000 - zero/negligible traffic, drop link equity preservation"
"https://www.jbklutse.com/simplicitee-review/",410_gone,,0,0,"not in GSC top 1000 - zero/negligible traffic, drop link equity preservation"
"https://www.jbklutse.com/singapores-trade-and-investment-in-ghana/",410_gone,,0,0,"not in GSC top 1000 - zero/negligible traffic, drop link equity preservation"
"https://www.jbklutse.com/skincare-women-above-40/",410_gone,,0,0,"not in GSC top 1000 - zero/negligible traffic, drop link equity preservation"
"https://www.jbklutse.com/skool-media-e-learning-coronavirus/",410_gone,,0,0,"not in GSC top 1000 - zero/negligible traffic, drop link equity preservation"
"https://www.jbklutse.com/smartcash-psb-set-to-boost-nigerias-economy/",410_gone,,0,0,"not in GSC top 1000 - zero/negligible traffic, drop link equity preservation"
"https://www.jbklutse.com/snapchat-3d-camera-mode-to-make-selfies-feel-real/",410_gone,,0,0,"not in GSC top 1000 - zero/negligible traffic, drop link equity preservation"
"https://www.jbklutse.com/somotex-ghana-launches-first-franchise-showroom/",410_gone,,0,0,"not in GSC top 1000 - zero/negligible traffic, drop link equity preservation"
"https://www.jbklutse.com/sony-xperia-pro-i-smartphone-launched-2021/",410_gone,,0,0,"not in GSC top 1000 - zero/negligible traffic, drop link equity preservation"
"https://www.jbklutse.com/sorry-quotes/",410_gone,,0,0,"not in GSC top 1000 - zero/negligible traffic, drop link equity preservation"
"https://www.jbklutse.com/spending-on-web-development/",410_gone,,0,0,"not in GSC top 1000 - zero/negligible traffic, drop link equity preservation"
"https://www.jbklutse.com/spotify-to-pause-political-ads/",410_gone,,0,0,"not in GSC top 1000 - zero/negligible traffic, drop link equity preservation"
"https://www.jbklutse.com/st-louis-gay-dating/",410_gone,,0,0,"not in GSC top 1000 - zero/negligible traffic, drop link equity preservation"
"https://www.jbklutse.com/startimes-launches-educational-tv-for-kids/",410_gone,,0,0,"not in GSC top 1000 - zero/negligible traffic, drop link equity preservation"
"https://www.jbklutse.com/startimes-slashes-price-on-its-digital-satellite-decoder/",410_gone,,0,0,"not in GSC top 1000 - zero/negligible traffic, drop link equity preservation"
"https://www.jbklutse.com/starting-a-website/",410_gone,,0,0,"not in GSC top 1000 - zero/negligible traffic, drop link equity preservation"
"https://www.jbklutse.com/steps-to-set-up-a-perfect-blog/",410_gone,,0,0,"not in GSC top 1000 - zero/negligible traffic, drop link equity preservation"
"https://www.jbklutse.com/stonebwoy-tecno-global-launch-camon-19-series/",410_gone,,0,0,"not in GSC top 1000 - zero/negligible traffic, drop link equity preservation"
"https://www.jbklutse.com/stop-eating-late-at-night/",410_gone,,0,0,"not in GSC top 1000 - zero/negligible traffic, drop link equity preservation"
"https://www.jbklutse.com/streaming/best-stand-up-comedy-on-netflix/",410_gone,,0,0,"not in GSC top 1000 - zero/negligible traffic, drop link equity preservation"
"https://www.jbklutse.com/streaming/showmax-pro-live-stream-fifa-womens-world-cup-2023/",410_gone,,0,0,"not in GSC top 1000 - zero/negligible traffic, drop link equity preservation"
"https://www.jbklutse.com/streaming/spotify-african-heat-a-new-look-for-a-playlist/",410_gone,,0,0,"not in GSC top 1000 - zero/negligible traffic, drop link equity preservation"
"https://www.jbklutse.com/surflines-surfplay-fifa21-tournament-gets-a-champion/",410_gone,,0,0,"not in GSC top 1000 - zero/negligible traffic, drop link equity preservation"
"https://www.jbklutse.com/survive-coronavirus-lockdown-nigeria/",410_gone,,0,0,"not in GSC top 1000 - zero/negligible traffic, drop link equity preservation"
"https://www.jbklutse.com/swypatune-hopes-to-end-transparency-problems-in-reality-shows/",410_gone,,0,0,"not in GSC top 1000 - zero/negligible traffic, drop link equity preservation"
"https://www.jbklutse.com/symptoms-remedies-stress-ulcer/",410_gone,,0,0,"not in GSC top 1000 - zero/negligible traffic, drop link equity preservation"
"https://www.jbklutse.com/taxify-drops-driver-partner-commission/",410_gone,,0,0,"not in GSC top 1000 - zero/negligible traffic, drop link equity preservation"
"https://www.jbklutse.com/teach-yourself-to-play-guitar-quickly/",410_gone,,0,0,"not in GSC top 1000 - zero/negligible traffic, drop link equity preservation"
"https://www.jbklutse.com/team-jaykay-trashes-silver-brooks-limited-by-5-1-to-clinch-maiden-edition-of-the-corporate-ecup/",410_gone,,0,0,"not in GSC top 1000 - zero/negligible traffic, drop link equity preservation"
"https://www.jbklutse.com/tech-era-to-create-assistive-technologies-for-people-with-dis-",410_gone,,0,0,"not in GSC top 1000 - zero/negligible traffic, drop link equity preservation"
"https://www.jbklutse.com/technology/feature/",410_gone,,0,0,"not in GSC top 1000 - zero/negligible traffic, drop link equity preservation"
"https://www.jbklutse.com/tecno-camon-11-specs-features-price-ghana/",410_gone,,0,0,"not in GSC top 1000 - zero/negligible traffic, drop link equity preservation"
"https://www.jbklutse.com/tecno-camon-17-pro-specs-ghana-nigeria/",410_gone,,0,0,"not in GSC top 1000 - zero/negligible traffic, drop link equity preservation"
"https://www.jbklutse.com/tecno-camon-17p-specs/",410_gone,,0,0,"not in GSC top 1000 - zero/negligible traffic, drop link equity preservation"
"https://www.jbklutse.com/tecno-camon-19-launch-ghana/",410_gone,,0,0,"not in GSC top 1000 - zero/negligible traffic, drop link equity preservation"
"https://www.jbklutse.com/tecno-camon-19-series-launched-in-ghana/",410_gone,,0,0,"not in GSC top 1000 - zero/negligible traffic, drop link equity preservation"
"https://www.jbklutse.com/tecno-inclusive-camera-technology-the-future-lens/",410_gone,,0,0,"not in GSC top 1000 - zero/negligible traffic, drop link equity preservation"
"https://www.jbklutse.com/tecno-odo-fever-valentine-promo/",410_gone,,0,0,"not in GSC top 1000 - zero/negligible traffic, drop link equity preservation"
"https://www.jbklutse.com/tecno-phantom-9-2019-review/",410_gone,,0,0,"not in GSC top 1000 - zero/negligible traffic, drop link equity preservation"
"https://www.jbklutse.com/tecno-pop-5-pro-full-phone-spec-price-in-ghana/",410_gone,,0,0,"not in GSC top 1000 - zero/negligible traffic, drop link equity preservation"
"https://www.jbklutse.com/ten-things-you-can-do-with-your-old-computer/",410_gone,,0,0,"not in GSC top 1000 - zero/negligible traffic, drop link equity preservation"
"https://www.jbklutse.com/tencent-africa-music-streaming/",410_gone,,0,0,"not in GSC top 1000 - zero/negligible traffic, drop link equity preservation"
"https://www.jbklutse.com/tga/StarTimes",410_gone,,0,0,"not in GSC top 1000 - zero/negligible traffic, drop link equity preservation"
"https://www.jbklutse.com/the-amazing-you-review/",410_gone,,0,0,"not in GSC top 1000 - zero/negligible traffic, drop link equity preservation"
"https://www.jbklutse.com/the-best-way-to-delete-facebook-without-losing-your-photos-videos/",410_gone,,0,0,"not in GSC top 1000 - zero/negligible traffic, drop link equity preservation"
"https://www.jbklutse.com/the-best-way-to-quit-smoking-nd-never-look-back/",410_gone,,0,0,"not in GSC top 1000 - zero/negligible traffic, drop link equity preservation"
"https://www.jbklutse.com/the-biorhythm-review/",410_gone,,0,0,"not in GSC top 1000 - zero/negligible traffic, drop link equity preservation"
"https://www.jbklutse.com/the-gupta-family-all-you-need-to-know-about-south-africas-power-family/",410_gone,,0,0,"not in GSC top 1000 - zero/negligible traffic, drop link equity preservation"
"https://www.jbklutse.com/the-kidney-disease-solution-review/",410_gone,,0,0,"not in GSC top 1000 - zero/negligible traffic, drop link equity preservation"
"https://www.jbklutse.com/the-lost-book-of-remedies-review/",410_gone,,0,0,"not in GSC top 1000 - zero/negligible traffic, drop link equity preservation"
"https://www.jbklutse.com/the-shambala-secret-review/",410_gone,,0,0,"not in GSC top 1000 - zero/negligible traffic, drop link equity preservation"
"https://www.jbklutse.com/the-top-sim-games-that-will-keep-you-playing-for-hours/",410_gone,,0,0,"not in GSC top 1000 - zero/negligible traffic, drop link equity preservation"
"https://www.jbklutse.com/these-are-some-of-the-best-password-managers-for-android/",410_gone,,0,0,"not in GSC top 1000 - zero/negligible traffic, drop link equity preservation"
"https://www.jbklutse.com/things-to-consider-before-hiring-developers/",410_gone,,0,0,"not in GSC top 1000 - zero/negligible traffic, drop link equity preservation"
"https://www.jbklutse.com/things-to-do-in-phoenix/",410_gone,,0,0,"not in GSC top 1000 - zero/negligible traffic, drop link equity preservation"
"https://www.jbklutse.com/things-to-gift-your-booze-loving-friend/",410_gone,,0,0,"not in GSC top 1000 - zero/negligible traffic, drop link equity preservation"
"https://www.jbklutse.com/things-to-look-for-while-buying-",410_gone,,0,0,"not in GSC top 1000 - zero/negligible traffic, drop link equity preservation"
"https://www.jbklutse.com/things-you-should-never-do-when-you-are-dating-a-younger-man/",410_gone,,0,0,"not in GSC top 1000 - zero/negligible traffic, drop link equity preservation"
"https://www.jbklutse.com/thinking-of-stock-investing-start-taking-a-look-at-marijuana-stocks/",410_gone,,0,0,"not in GSC top 1000 - zero/negligible traffic, drop link equity preservation"
"https://www.jbklutse.com/ticketpro-streaming-platform-entertainers/",410_gone,,0,0,"not in GSC top 1000 - zero/negligible traffic, drop link equity preservation"
"https://www.jbklutse.com/tiktok-followers-growth-plan/",410_gone,,0,0,"not in GSC top 1000 - zero/negligible traffic, drop link equity preservation"
"https://www.jbklutse.com/tip-the-text-of-my-messages-is-larger-or-smaller-than-usual-ms-outlook/",410_gone,,0,0,"not in GSC top 1000 - zero/negligible traffic, drop link equity preservation"
"https://www.jbklutse.com/tip-using-free-antivirus-ghana/",410_gone,,0,0,"not in GSC top 1000 - zero/negligible traffic, drop link equity preservation"
"https://www.jbklutse.com/tips-for-first-year-college-students-on-budgeting/",410_gone,,0,0,"not in GSC top 1000 - zero/negligible traffic, drop link equity preservation"
"https://www.jbklutse.com/tips-for-parenting-a-sturbbon-child-2/",410_gone,,0,0,"not in GSC top 1000 - zero/negligible traffic, drop link equity preservation"
"https://www.jbklutse.com/tips-to-maintain-your-seo-ranking-despite-google-updates/",410_gone,,0,0,"not in GSC top 1000 - zero/negligible traffic, drop link equity preservation"
"https://www.jbklutse.com/tony-elumelu-joins-board-of-uns-youth-2030-empowerment-initiative/",410_gone,,0,0,"not in GSC top 1000 - zero/negligible traffic, drop link equity preservation"
"https://www.jbklutse.com/top-7-lessons-i-have-learned-about-love-relationships-by-jeremiah-buabeng/",410_gone,,0,0,"not in GSC top 1000 - zero/negligible traffic, drop link equity preservation"
"https://www.jbklutse.com/top-anime-torrent-sites-in-2021/",410_gone,,0,0,"not in GSC top 1000 - zero/negligible traffic, drop link equity preservation"
"https://www.jbklutse.com/top-benefits-of-cbd-oil-in-human-beings/",410_gone,,0,0,"not in GSC top 1000 - zero/negligible traffic, drop link equity preservation"
"https://www.jbklutse.com/top-cities-for-business-in-malta/",410_gone,,0,0,"not in GSC top 1000 - zero/negligible traffic, drop link equity preservation"
"https://www.jbklutse.com/tops-for-big-breasts-busty-women/",410_gone,,0,0,"not in GSC top 1000 - zero/negligible traffic, drop link equity preservation"
"https://www.jbklutse.com/tower-insurance-works-with-eis-group-to-accelerate-digital-business-transformation/",410_gone,,0,0,"not in GSC top 1000 - zero/negligible traffic, drop link equity preservation"
"https://www.jbklutse.com/trade-hub-awards-tomato-jos/",410_gone,,0,0,"not in GSC top 1000 - zero/negligible traffic, drop link equity preservation"
"https://www.jbklutse.com/travel-tips-kuala-lumpur-malaysia/",410_gone,,0,0,"not in GSC top 1000 - zero/negligible traffic, drop link equity preservation"
"https://www.jbklutse.com/trinity-presby-model-school-wins-girls-can-code-southern-sector-contest/",410_gone,,0,0,"not in GSC top 1000 - zero/negligible traffic, drop link equity preservation"
"https://www.jbklutse.com/trolls-2016-movie/",410_gone,,0,0,"not in GSC top 1000 - zero/negligible traffic, drop link equity preservation"
"https://www.jbklutse.com/trotro-fare-electronic/",410_gone,,0,0,"not in GSC top 1000 - zero/negligible traffic, drop link equity preservation"
"https://www.jbklutse.com/troubled-with-your-ro-device-let-the-customer-care-know-it/",410_gone,,0,0,"not in GSC top 1000 - zero/negligible traffic, drop link equity preservation"
"https://www.jbklutse.com/tts-audio-maker-review-bonus/",410_gone,,0,0,"not in GSC top 1000 - zero/negligible traffic, drop link equity preservation"
"https://www.jbklutse.com/tushop-raises-3m-to-scale-community-group-buying-in-kenya/",410_gone,,0,0,"not in GSC top 1000 - zero/negligible traffic, drop link equity preservation"
"https://www.jbklutse.com/twitter-is-testing-a-feature-to-schedule-tweets/",410_gone,,0,0,"not in GSC top 1000 - zero/negligible traffic, drop link equity preservation"
"https://www.jbklutse.com/types-of-business-it-support/",410_gone,,0,0,"not in GSC top 1000 - zero/negligible traffic, drop link equity preservation"
"https://www.jbklutse.com/uba-african-day/",410_gone,,0,0,"not in GSC top 1000 - zero/negligible traffic, drop link equity preservation"
"https://www.jbklutse.com/uba-banking-on-whatsapp-facebook-ghana/",410_gone,,0,0,"not in GSC top 1000 - zero/negligible traffic, drop link equity preservation"
"https://www.jbklutse.com/uber-introduces-pin-verification/",410_gone,,0,0,"not in GSC top 1000 - zero/negligible traffic, drop link equity preservation"
"https://www.jbklutse.com/uber-kumasi-ghana/",410_gone,,0,0,"not in GSC top 1000 - zero/negligible traffic, drop link equity preservation"
"https://www.jbklutse.com/ultimate-passco-app/",410_gone,,0,0,"not in GSC top 1000 - zero/negligible traffic, drop link equity preservation"
"https://www.jbklutse.com/ultimate-small-shop-review/",410_gone,,0,0,"not in GSC top 1000 - zero/negligible traffic, drop link equity preservation"
"https://www.jbklutse.com/ultra-manifestation-review/",410_gone,,0,0,"not in GSC top 1000 - zero/negligible traffic, drop link equity preservation"
"https://www.jbklutse.com/umat-acquires-new-",410_gone,,0,0,"not in GSC top 1000 - zero/negligible traffic, drop link equity preservation"
"https://www.jbklutse.com/unique-things-to-do-in-lisbon/",410_gone,,0,0,"not in GSC top 1000 - zero/negligible traffic, drop link equity preservation"
"https://www.jbklutse.com/unity-weight-loss-supplement-review/",410_gone,,0,0,"not in GSC top 1000 - zero/negligible traffic, drop link equity preservation"
"https://www.jbklutse.com/upgrade-your-smartwatch-with-the-new-huawei-watch-fit/",410_gone,,0,0,"not in GSC top 1000 - zero/negligible traffic, drop link equity preservation"
"https://www.jbklutse.com/use-these-free-apps-to-track-time-zones-around-the-world/",410_gone,,0,0,"not in GSC top 1000 - zero/negligible traffic, drop link equity preservation"
"https://www.jbklutse.com/ventures-platform-lasric-covid19-fight/",410_gone,,0,0,"not in GSC top 1000 - zero/negligible traffic, drop link equity preservation"
"https://www.jbklutse.com/video-how-to-spot-a-fake-iphone-11/",410_gone,,0,0,"not in GSC top 1000 - zero/negligible traffic, drop link equity preservation"
"https://www.jbklutse.com/vidsnatcher-2-0-review/",410_gone,,0,0,"not in GSC top 1000 - zero/negligible traffic, drop link equity preservation"
"https://www.jbklutse.com/visa-paga/",410_gone,,0,0,"not in GSC top 1000 - zero/negligible traffic, drop link equity preservation"
"https://www.jbklutse.com/vivo-to-launch-v20-soon-in-ghana/",410_gone,,0,0,"not in GSC top 1000 - zero/negligible traffic, drop link equity preservation"
"https://www.jbklutse.com/vivo-y20-2020-specs-ghana-nigeria/",410_gone,,0,0,"not in GSC top 1000 - zero/negligible traffic, drop link equity preservation"
"https://www.jbklutse.com/vodafone-ghana-fibre-optic-broadband/",410_gone,,0,0,"not in GSC top 1000 - zero/negligible traffic, drop link equity preservation"
"https://www.jbklutse.com/vodafone-start-deploying-4g-services-from-april/",410_gone,,0,0,"not in GSC top 1000 - zero/negligible traffic, drop link equity preservation"
"https://www.jbklutse.com/want-to-sell-more-on-olx-here-are-some-great-tips-that-will-keep-you-selling/",410_gone,,0,0,"not in GSC top 1000 - zero/negligible traffic, drop link equity preservation"
"https://www.jbklutse.com/ways-behavioral-science-leverages-in-market-",410_gone,,0,0,"not in GSC top 1000 - zero/negligible traffic, drop link equity preservation"
"https://www.jbklutse.com/ways-to-make-your-girlfriend-smile-when-she-is-angry/",410_gone,,0,0,"not in GSC top 1000 - zero/negligible traffic, drop link equity preservation"
"https://www.jbklutse.com/ways-to-upgrade-your-home/",410_gone,,0,0,"not in GSC top 1000 - zero/negligible traffic, drop link equity preservation"
"https://www.jbklutse.com/ways-to-use-a-free-password-manager-and-make-your-logins-safer/",410_gone,,0,0,"not in GSC top 1000 - zero/negligible traffic, drop link equity preservation"
"https://www.jbklutse.com/wearable-device-cough-coronavirus/",410_gone,,0,0,"not in GSC top 1000 - zero/negligible traffic, drop link equity preservation"
"https://www.jbklutse.com/weather-forecast-travel/",410_gone,,0,0,"not in GSC top 1000 - zero/negligible traffic, drop link equity preservation"
"https://www.jbklutse.com/websites-for-gay-men/",410_gone,,0,0,"not in GSC top 1000 - zero/negligible traffic, drop link equity preservation"
"https://www.jbklutse.com/what-to-buy-for-someone-who-is-impossible-to-shop-for/",410_gone,,0,0,"not in GSC top 1000 - zero/negligible traffic, drop link equity preservation"
"https://www.jbklutse.com/what-to-consider-before-purchasing-custom-handmade-swords/",410_gone,,0,0,"not in GSC top 1000 - zero/negligible traffic, drop link equity preservation"
"https://www.jbklutse.com/what-to-do-when-your-baby-has-diaper-rash/",410_gone,,0,0,"not in GSC top 1000 - zero/negligible traffic, drop link equity preservation"
"https://www.jbklutse.com/what-to-look-for-while-choosing-a-mattress/",410_gone,,0,0,"not in GSC top 1000 - zero/negligible traffic, drop link equity preservation"
"https://www.jbklutse.com/what-we-want-to-see-in-the-next-set-of-infinix-devices/",410_gone,,0,0,"not in GSC top 1000 - zero/negligible traffic, drop link equity preservation"
"https://www.jbklutse.com/what-you-should-not-do-when-your-ex-texts-you/",410_gone,,0,0,"not in GSC top 1000 - zero/negligible traffic, drop link equity preservation"
"https://www.jbklutse.com/whatsapp-beta-testing-quick-quotes/",410_gone,,0,0,"not in GSC top 1000 - zero/negligible traffic, drop link equity preservation"
"https://www.jbklutse.com/whatsapp-fingerprint-authentication-feature-rolling-out-soon-for-android/",410_gone,,0,0,"not in GSC top 1000 - zero/negligible traffic, drop link equity preservation"
"https://www.jbklutse.com/whatsapp-is-testing-a-feature-that-will-share-status-posts-to-facebook-and-other-social-networks/",410_gone,,0,0,"not in GSC top 1000 - zero/negligible traffic, drop link equity preservation"
"https://www.jbklutse.com/whatsapp-stops-working-on-iphone-6/",410_gone,,0,0,"not in GSC top 1000 - zero/negligible traffic, drop link equity preservation"
"https://www.jbklutse.com/whatsapp-to-introduce-message-editing/",410_gone,,0,0,"not in GSC top 1000 - zero/negligible traffic, drop link equity preservation"
"https://www.jbklutse.com/which-mobile-operating-system-is-the-best-for-privacy/",410_gone,,0,0,"not in GSC top 1000 - zero/negligible traffic, drop link equity preservation"
"https://www.jbklutse.com/which-type-of-mattress-is-best-for-back-pain/",410_gone,,0,0,"not in GSC top 1000 - zero/negligible traffic, drop link equity preservation"
"https://www.jbklutse.com/whiten-teeth-banana-peels/",410_gone,,0,0,"not in GSC top 1000 - zero/negligible traffic, drop link equity preservation"
"https://www.jbklutse.com/why-aquantuo-this-christmas/",410_gone,,0,0,"not in GSC top 1000 - zero/negligible traffic, drop link equity preservation"
"https://www.jbklutse.com/why-are-most-casual-sex-dating-sites-fake/",410_gone,,0,0,"not in GSC top 1000 - zero/negligible traffic, drop link equity preservation"
"https://www.jbklutse.com/why-charging-your-smartphone-overnight-is-bad/",410_gone,,0,0,"not in GSC top 1000 - zero/negligible traffic, drop link equity preservation"
"https://www.jbklutse.com/why-is-data-in-ghana-extremely-expensive/",410_gone,,0,0,"not in GSC top 1000 - zero/negligible traffic, drop link equity preservation"
"https://www.jbklutse.com/why-pay-stub-becoming-increasingly-essential/",410_gone,,0,0,"not in GSC top 1000 - zero/negligible traffic, drop link equity preservation"
"https://www.jbklutse.com/why-your-organization-should-sync-shared-calendars-across-devices/",410_gone,,0,0,"not in GSC top 1000 - zero/negligible traffic, drop link equity preservation"
"https://www.jbklutse.com/winners-2016-prophetic-declarations/",410_gone,,0,0,"not in GSC top 1000 - zero/negligible traffic, drop link equity preservation"
"https://www.jbklutse.com/winners-for-the-ghana-fintech-awards-announced/",410_gone,,0,0,"not in GSC top 1000 - zero/negligible traffic, drop link equity preservation"
"https://www.jbklutse.com/wonder-robotics-launches-smart-autonomous-drone-solution/",410_gone,,0,0,"not in GSC top 1000 - zero/negligible traffic, drop link equity preservation"
"https://www.jbklutse.com/word-of-the-day-vociferous-january-24-2016/",410_gone,,0,0,"not in GSC top 1000 - zero/negligible traffic, drop link equity preservation"
"https://www.jbklutse.com/wot-preferred-matchmaking-tanks/",410_gone,,0,0,"not in GSC top 1000 - zero/negligible traffic, drop link equity preservation"
"https://www.jbklutse.com/would-5g-and-foldable-phones-drive-growth-in-the-smartphone-market/",410_gone,,0,0,"not in GSC top 1000 - zero/negligible traffic, drop link equity preservation"
"https://www.jbklutse.com/xiaomi-redmi-go-cheapest-budget-phone-check-specs/",410_gone,,0,0,"not in GSC top 1000 - zero/negligible traffic, drop link equity preservation"
"https://www.jbklutse.com/xiaomi-redmi-s2-discover-full-specification-features-and-price/",410_gone,,0,0,"not in GSC top 1000 - zero/negligible traffic, drop link equity preservation"
"https://www.jbklutse.com/yello-hope-initiatives-mtn-ghana/",410_gone,,0,0,"not in GSC top 1000 - zero/negligible traffic, drop link equity preservation"
"https://www.jbklutse.com/young-innovators-apply-for-the-2018-world-summit-awards/",410_gone,,0,0,"not in GSC top 1000 - zero/negligible traffic, drop link equity preservation"
"https://www.jbklutse.com/your-detailed-guide-on-building-a-maintenance-mechanic-resume/",410_gone,,0,0,"not in GSC top 1000 - zero/negligible traffic, drop link equity preservation"
"https://www.jbklutse.com/zeepay-targets-150m-mobile-money-subscribers-in-20-african-countries/",410_gone,,0,0,"not in GSC top 1000 - zero/negligible traffic, drop link equity preservation"
